Workbook
Name Slicer_Department_Name: #N/A
Name Slicer_Emp_ID: #N/A
Name Slicer_Employment_Status3: #N/A
Name Slicer_Performance_Band: #N/A

Sheet Raw_Employee_Data
A1: Emp ID | B1: First_Name | C1: Last_Name | D1: Dept Code | E1: Hire Date | F1: Salary | G1: Performance Score | H1: Employment Status
A2: EMP127 | B2: Emily | C2: Brown | D2: IT02 | E2: 43093 | F2: 50361 | G2: 52 | H2: active
A3: EMP046 | B3: Richard | C3: Hernandez | D3: MKT04 | E3: 44659 | F3: 112673 | G3: 70 | H3: ACTIVE
A4: EMP134 | B4: Emily | C4: Gonzalez | D4: IT02 | E4: 42431 | F4: 114425 | G4: 54 | H4: LEFT
A5: EMP139 | B5: John | C5: Martinez | D5: FIN03 | E5: 45110 | F5: 103831 | G5: 70 | H5: active
A6: EMP112 | B6: Thomas | C6: Smith | D6: IT02 | E6: 44977 | F6: 73785 | G6: 40 | H6: Left
A7: EMP030 | B7: Emily | C7: Johnson | D7: OPS06 | E7: 02-Mar-20 | F7: 115882 | G7: 49 | H7: ACTIVE
A8: EMP096 | B8: John | C8: Wilson | D8: OPS06 | E8: 45272 | F8: 59980 | G8: 70 | H8: Left
A9: EMP098 | B9: Jessica | C9: Smith | D9: OPS06 | E9: 44174 | F9: 68728 | G9: 45 | H9: ACTIVE
A10: EMP095 | C10: Rodriguez | D10: FIN03 | E10: 43107 | F10: 102139 | G10: 79 | H10: active
A11: EMP140 | B11: Michael | C11: Martinez | D11: SAL05 | E11: 42676 | F11: 94998 | G11: 58 | H11: Active
A12: EMP020 | B12: Emily | C12: Miller | D12: sal05 | E12: 43911 | F12: 118635 | G12: 49 | H12: Active
A13: EMP057 | B13: Emily | C13: Hernandez | D13: IT02 | E13: 42425 | F13: 76918 | G13: 62 | H13: Actv
A14: EMP016 | B14: Jane | C14: Williams | D14: mkt04 | E14: 17-Jun-21 | F14: 61408 | G14: 48 | H14: ACTIVE
A15: EMP070 | B15: Jane | C15: Miller | D15: MKT04 | E15: 44001 | F15: 99990 | G15: 54 | H15: Actv
A16: EMP025 | B16: Robert | C16: Jones | D16: MKT04 | E16: 43820 | F16: 80385 | G16: 70 | H16: active
A17: EMP031 | B17: Thomas | C17: Rodriguez | D17: SAL05 | E17: 45169 | F17: 65290 | G17: 77 | H17: active
A18: EMP126 | B18: Emily | C18: Davis | D18: IT02 | E18: 42337 | F18: 105765 | G18: 42 | H18: Active
A19: EMP109 | B19: James | C19: Martinez | D19: SAL05 | E19: 42899 | F19: 102921 | G19: 49 | H19: ACTIVE
A20: EMP066 | B20: Ashley | C20: Lopez | D20: MKT04 | E20: 43235 | F20: 73984 | G20: 93 | H20: Actv
A21: EMP120 | B21: Amanda | C21: Gonzalez | D21: IT02 | E21: 42575 | F21: 83604 | G21: 75 | H21: Actv
A22: EMP019 | B22: Michael | C22: Hernandez | D22: FIN03 | E22: 43076 | F22: 118527 | G22: 50 | H22: Actv
A23: EMP013 | B23: Richard | C23: Hernandez | D23: MKT04 | E23: 44353 | F23: 107871 | G23: 88 | H23: active
A24: EMP010 | B24: Michael | C24: Rodriguez | D24: IT02 | E24: 44815 | F24: 93956 | G24: 50 | H24: LEFT
A25: EMP032 | B25: Jessica | C25: Johnson | D25: FIN03 | E25: 42565 | F25: 100851 | G25: 64 | H25: ACTIVE
A26: EMP082 | B26: Ashley | C26: Williams | D26: SAL05 | E26: 44728 | F26: 68655 | G26: 32 | H26: active
A27: EMP052 | C27: Williams | D27: SAL05 | E27: 45134 | F27: 81205 | G27: 59 | H27: Actv
A28: EMP129 | B28: John | C28: Wilson | D28: SAL05 | E28: 09/24/2019 | F28: 77610 | G28: 88 | H28: Actv
A29: EMP146 | B29: Thomas | C29: Rodriguez | D29: it02 | E29: 44765 | F29: 50873 | G29: 90 | H29: Active
A30: EMP099 | B30: Michael | C30: Wilson | D30: fin03 | E30: 13-May-18 | F30: 85312 | G30: 66 | H30: active
A31: EMP015 | B31: John | C31: Rodriguez | D31: SAL05 | E31: 42202 | F31: 83604 | G31: 68 | H31: active
A32: EMP076 | B32: Thomas | C32: Hernandez | D32: OPS06 | E32: 05-Aug-15 | F32: 97055 | G32: 80 | H32: Actv
A33: EMP137 | B33: Michael | C33: Johnson | D33: IT02 | E33: 45195 | F33: 66069 | G33: 72 | H33: Actv
A34: EMP056 | B34: Sarah | C34: Brown | D34: it02 | E34: 10-Jun-19 | F34: 90157 | G34: 58 | H34: active
A35: EMP125 | B35: Jane | C35: Martinez | D35: HR01 | E35: 44578 | F35: 59899 | G35: 78 | H35: Actv
A36: EMP085 | B36: Emily | C36: Jones | D36: FIN03 | E36: 03-Jul-17 | F36: 113389 | G36: 30 | H36: ACTIVE
A37: EMP106 | C37: Brown | D37: IT02 | E37: 01-Sep-15 | F37: 102691 | G37: 52 | H37: Active
A38: EMP043 | B38: John | C38: Wilson | D38: OPS06 | E38: 03-Aug-22 | F38: 111845 | G38: 98 | H38: active
A39: EMP068 | B39: Melissa | C39: Brown | D39: SAL05 | E39: 06/29/2022 | F39: 69219 | G39: 93 | H39: Actv
A40: EMP128 | B40: Michael | C40: Smith | D40: FIN03 | E40: 43949 | F40: 83604 | G40: 80 | H40: left
A41: EMP027 | B41: Sarah | C41: Miller | D41: OPS06 | E41: 09/09/2017 | F41: 57514 | G41: 70 | H41: active
A42: EMP136 | B42: Emily | C42: Wilson | D42: SAL05 | E42: 43181 | F42: 86245 | G42: 71 | H42: LEFT
A43: EMP079 | B43: David | C43: Hernandez | D43: SAL05 | E43: 43958 | F43: 52407 | G43: 55 | H43: active
A44: EMP149 | B44: James | C44: Smith | D44: OPS06 | E44: 43549 | F44: 66606 | G44: 93 | H44: Resigned
A45: EMP037 | B45: Sarah | C45: Williams | D45: IT02 | E45: 43686 | F45: 81896 | G45: 79 | H45: Resigned
A46: EMP077 | B46: Amanda | C46: Lopez | D46: SAL05 | E46: 07/14/2016 | F46: 78402 | G46: 54 | H46: ACTIVE
A47: EMP023 | B47: Thomas | C47: Lopez | D47: OPS06 | E47: 42647 | F47: 105498 | G47: 76 | H47: active
A48: EMP133 | B48: Melissa | C48: Johnson | D48: MKT04 | E48: 10-Jul-19 | F48: 91749 | G48: 72 | H48: left
A49: EMP141 | B49: Amanda | C49: Johnson | D49: OPS06 | E49: 44437 | F49: 99935 | G49: 84 | H49: Resigned
A50: EMP012 | B50: John | C50: Davis | D50: IT02 | E50: 42761 | F50: 83531 | G50: 30 | H50: left
A51: EMP080 | B51: James | C51: Johnson | D51: mkt04 | E51: 43981 | F51: 75023 | G51: 70 | H51: ACTIVE
A52: EMP069 | B52: Jane | C52: Davis | D52: HR01 | E52: 44612 | F52: 93290 | G52: 53 | H52: ACTIVE
A53: EMP150 | B53: Richard | C53: Davis | D53: OPS06 | E53: 42628 | F53: 115527 | G53: 63 | H53: Resigned
A54: EMP028 | B54: Thomas | C54: Rodriguez | D54: FIN03 | E54: 10/07/2019 | F54: 55920 | G54: 84 | H54: Actv
A55: EMP087 | B55: Emily | C55: Johnson | D55: SAL05 | E55: 43464 | F55: 80189 | G55: 30 | H55: Active
A56: EMP119 | B56: Emily | C56: Garcia | D56: HR01 | E56: 44189 | F56: 118947 | G56: 96 | H56: active
A57: EMP042 | B57: Jane | C57: Anderson | D57: IT02 | E57: 45112 | F57: 83604 | G57: 54 | H57: Actv
A58: EMP005 | B58: Thomas | C58: Garcia | D58: OPS06 | E58: 44148 | F58: 83604 | G58: 75 | H58: Actv
A59: EMP033 | B59: David | C59: Martinez | D59: hr01 | E59: 02/07/2018 | F59: 91655 | G59: 95 | H59: Active
A60: EMP061 | B60: Emily | C60: Brown | D60: IT02 | E60: 45255 | F60: 49435 | G60: 70 | H60: left
A61: EMP102 | B61: Emily | C61: Wilson | D61: sal05 | E61: 45217 | F61: 110381 | G61: 93 | H61: Active
A62: EMP067 | B62: Michael | C62: Anderson | D62: HR01 | E62: 44079 | F62: 114748 | G62: 33 | H62: active
A63: EMP017 | B63: Robert | C63: Johnson | D63: OPS06 | E63: 42800 | F63: 63302 | G63: 91 | H63: active
A64: EMP123 | B64: Robert | C64: Miller | D64: it02 | E64: 42122 | F64: 75519 | G64: 64 | H64: active
A65: EMP011 | B65: Jane | C65: Davis | D65: FIN03 | E65: 42838 | F65: 103891 | G65: 80 | H65: active
A66: EMP091 | B66: Thomas | C66: Davis | D66: OPS06 | E66: 44827 | F66: 83604 | G66: 46 | H66: LEFT
A67: EMP145 | B67: Thomas | C67: Jones | D67: MKT04 | E67: 11/11/2016 | F67: 50936 | G67: 99 | H67: active
A68: EMP001 | B68: Michael | C68: Miller | D68: SAL05 | E68: 24-Mar-17 | F68: 111240 | G68: 70 | H68: Actv
A69: EMP113 | B69: Richard | C69: Gonzalez | D69: HR01 | E69: 05-May-19 | F69: 51567 | G69: 87 | H69: Resigned
A70: EMP065 | B70: Melissa | C70: Williams | D70: HR01 | E70: 44402 | F70: 83604 | G70: 36 | H70: Active
A71: EMP045 | B71: Robert | C71: Miller | D71: HR01 | E71: 43008 | F71: 55270 | G71: 87 | H71: Actv
A72: EMP083 | B72: William | C72: Garcia | D72: SAL05 | E72: 42192 | F72: 65235 | G72: 97 | H72: ACTIVE
A73: EMP029 | B73: John | C73: Gonzalez | D73: SAL05 | E73: 43283 | F73: 83604 | G73: 72 | H73: LEFT
A74: EMP041 | B74: James | C74: Gonzalez | D74: sal05 | E74: 44819 | F74: 83604 | G74: 65 | H74: LEFT
A75: EMP026 | B75: Jane | C75: Gonzalez | D75: SAL05 | E75: 42249 | F75: 83604 | G75: 67 | H75: Actv
A76: EMP024 | B76: David | C76: Wilson | D76: ops06 | E76: 11-Oct-16 | F76: 48823 | G76: 34 | H76: ACTIVE
A77: EMP111 | B77: Jane | C77: Gonzalez | D77: FIN03 | E77: 43575 | F77: 45196 | G77: 78 | H77: LEFT
A78: EMP040 | B78: Jane | C78: Rodriguez | D78: IT02 | E78: 02/19/2017 | F78: 86246 | G78: 61 | H78: Actv
A79: EMP086 | B79: Emily | C79: Miller | D79: SAL05 | E79: 09/07/2021 | F79: 70359 | G79: 74 | H79: Left
A80: EMP124 | B80: Sarah | C80: Miller | D80: MKT04 | E80: 43599 | F80: 83604 | G80: 94 | H80: ACTIVE
A81: EMP132 | B81: Jessica | C81: Garcia | D81: OPS06 | E81: 42330 | F81: 86480 | G81: 70 | H81: ACTIVE
A82: EMP048 | B82: Richard | C82: Smith | D82: hr01 | E82: 09/29/2018 | F82: 47694 | G82: 75 | H82: ACTIVE
A83: EMP114 | B83: Melissa | C83: Wilson | D83: IT02 | E83: 45171 | F83: 83724 | G83: 81 | H83: Resigned
A84: EMP062 | B84: Thomas | C84: Williams | D84: FIN03 | E84: 44759 | F84: 98299 | G84: 61 | H84: Actv
A85: EMP074 | B85: David | C85: Williams | D85: FIN03 | E85: 07-Feb-21 | F85: 83604 | G85: 68 | H85: Actv
A86: EMP034 | B86: John | C86: Johnson | D86: it02 | E86: 10/04/2023 | F86: 52287 | G86: 70 | H86: active
A87: EMP105 | B87: Richard | C87: Gonzalez | D87: IT02 | E87: 44073 | F87: 82633 | G87: 98 | H87: ACTIVE
A88: EMP118 | B88: Melissa | C88: Anderson | D88: OPS06 | E88: 44422 | F88: 46508 | G88: 34 | H88: Active
A89: EMP063 | B89: Emily | C89: Gonzalez | D89: hr01 | E89: 27-Nov-19 | F89: 86232 | G89: 93 | H89: Active
A90: EMP094 | B90: Jane | C90: Davis | D90: it02 | E90: 25-May-17 | F90: 77545 | G90: 48 | H90: Active
A91: EMP097 | B91: William | C91: Gonzalez | D91: OPS06 | E91: 43436 | F91: 68683 | G91: 90 | H91: Actv
A92: EMP054 | B92: Thomas | C92: Jones | D92: FIN03 | E92: 43639 | F92: 83932 | G92: 57 | H92: LEFT
A93: EMP006 | B93: Jessica | C93: Anderson | D93: HR01 | E93: 42304 | F93: 56073 | G93: 79 | H93: Active
A94: EMP110 | B94: Melissa | C94: Johnson | D94: IT02 | E94: 43270 | F94: 88056 | G94: 66 | H94: Actv
A95: EMP147 | B95: Thomas | C95: Miller | D95: ops06 | E95: 43112 | F95: 67414 | G95: 84 | H95: Left
A96: EMP050 | B96: William | C96: Gonzalez | D96: SAL05 | E96: 42008 | F96: 115288 | G96: 61 | H96: Actv
A97: EMP036 | C97: Smith | D97: SAL05 | E97: 43439 | F97: 80140 | G97: 58 | H97: Active
A98: EMP081 | B98: John | C98: Johnson | D98: IT02 | E98: 44482 | F98: 73087 | G98: 69 | H98: Actv
A99: EMP078 | B99: Jane | C99: Johnson | D99: SAL05 | E99: 44081 | F99: 95292 | G99: 34 | H99: active
A100: EMP035 | B100: John | C100: Jones | D100: IT02 | E100: 03/08/2019 | F100: 83604 | G100: 33 | H100: active
...

Sheet Lookup_Departments
A1: Dept_Code | B1: Department_Name
A2: HR01 | B2: Human Resources
A3: IT02 | B3: Information Technology
A4: FIN03 | B4: Finance
A5: MKT04 | B5: Marketing
A6: SAL05 | B6: Sales
A7: OPS06 | B7: Operations

Sheet Lookup_Performance
A1: Min_Score | B1: Max_Score | C1: Performance_Band | D1: Bonus_Percentage
A2: 0 | B2: 49 | C2: Needs Improvement | D2: 0
A3: 50 | B3: 69 | C3: Developing | D3: 0.02
A4: 70 | B4: 84 | C4: Achieving | D4: 0.05
A5: 85 | B5: 94 | C5: Exceeding | D5: 0.08
A6: 95 | B6: 100 | C6: Outstanding | D6: 0.12

Sheet Cleaned Data
A1: Emp ID | B1: First_Name | C1: Last_Name | D1: Full Name | E1: Department Name | F1: Department Code | G1: Dept Code | H1: Hire Date | I1: Year of Service | J1: Hire Date2 | K1: Salary | L1: Performance Score | M1: Employment Status | N1: Employment _Status | O1: Performance Band | P1: Bonus Percentage | Q1: Eligible Bonus Amount
A2: EMP127 | B2: Emily | C2: Brown | D2: =IF(AND(ISBLANK(B2), ISBLANK(C2)), "- -", IF(ISBLANK(B2), "- " & TRIM(PROPER(C2)), IF(ISBLANK(C2), TRIM(PROPER(B2)) & " -", _xlfn.TEXTJOIN(" ", TRUE, TRIM(PROPER(B2)), TRIM(PROPER(C2)))))) -> Emily Brown | E2: =_xlfn.XLOOKUP(F2, Lookup_Departments!$A$2:$A$7, Lookup_Departments!$B$2:$B$7, "Unknown") -> Information Technology | F2: =UPPER(TRIM(G2)) -> IT02 | G2: IT02 | H2: =DATEVALUE(TEXT(J2, "dd-mmm-yyyy")) -> 43093 | I2: =DATEDIF(H2, TODAY(), "Y") -> 8 | J2: 43093 | K2: 50361 | L2: 52 | M2: active | N2: {=_xlfn.SWITCH(TRIM(PROPER(M2)), "Active", "Active", "Actv", "Active", "Left", "Left", "Resigned", "Left", "Unknown")} -> Active | O2: =_xlfn.XLOOKUP(L2, Lookup_Performance!$A$2:$A$6, Lookup_Performance!$C$2:$C$6, "No Score", -1) -> Developing | P2: =_xlfn.XLOOKUP(L2, Lookup_Performance!$A$2:$A$6, Lookup_Performance!$D$2:$D$6, 0, -1) -> 0.02 | Q2: =K2*P2 -> 1007.22
A3: EMP046 | B3: Richard | C3: Hernandez | D3: =IF(AND(ISBLANK(B3), ISBLANK(C3)), "- -", IF(ISBLANK(B3), "- " & TRIM(PROPER(C3)), IF(ISBLANK(C3), TRIM(PROPER(B3)) & " -", _xlfn.TEXTJOIN(" ", TRUE, TRIM(PROPER(B3)), TRIM(PROPER(C3)))))) -> Richard Hernandez | E3: =_xlfn.XLOOKUP(F3, Lookup_Departments!$A$2:$A$7, Lookup_Departments!$B$2:$B$7, "Unknown") -> Marketing | F3: =UPPER(TRIM(G3)) -> MKT04 | G3: MKT04 | H3: =DATEVALUE(TEXT(J3, "dd-mmm-yyyy")) -> 44659 | I3: =DATEDIF(H3, TODAY(), "Y") -> 4 | J3: 44659 | K3: 112673 | L3: 70 | M3: ACTIVE | N3: {=_xlfn.SWITCH(TRIM(PROPER(M3)), "Active", "Active", "Actv", "Active", "Left", "Left", "Resigned", "Left", "Unknown")} -> Active | O3: =_xlfn.XLOOKUP(L3, Lookup_Performance!$A$2:$A$6, Lookup_Performance!$C$2:$C$6, "No Score", -1) -> Achieving | P3: =_xlfn.XLOOKUP(L3, Lookup_Performance!$A$2:$A$6, Lookup_Performance!$D$2:$D$6, 0, -1) -> 0.05 | Q3: =K3*P3 -> 5633.65
A4: EMP134 | B4: Emily | C4: Gonzalez | D4: =IF(AND(ISBLANK(B4), ISBLANK(C4)), "- -", IF(ISBLANK(B4), "- " & TRIM(PROPER(C4)), IF(ISBLANK(C4), TRIM(PROPER(B4)) & " -", _xlfn.TEXTJOIN(" ", TRUE, TRIM(PROPER(B4)), TRIM(PROPER(C4)))))) -> Emily Gonzalez | E4: =_xlfn.XLOOKUP(F4, Lookup_Departments!$A$2:$A$7, Lookup_Departments!$B$2:$B$7, "Unknown") -> Information Technology | F4: =UPPER(TRIM(G4)) -> IT02 | G4: IT02 | H4: =DATEVALUE(TEXT(J4, "dd-mmm-yyyy")) -> 42431 | I4: =DATEDIF(H4, TODAY(), "Y") -> 10 | J4: 42431 | K4: 114425 | L4: 54 | M4: LEFT | N4: {=_xlfn.SWITCH(TRIM(PROPER(M4)), "Active", "Active", "Actv", "Active", "Left", "Left", "Resigned", "Left", "Unknown")} -> Left | O4: =_xlfn.XLOOKUP(L4, Lookup_Performance!$A$2:$A$6, Lookup_Performance!$C$2:$C$6, "No Score", -1) -> Developing | P4: =_xlfn.XLOOKUP(L4, Lookup_Performance!$A$2:$A$6, Lookup_Performance!$D$2:$D$6, 0, -1) -> 0.02 | Q4: =K4*P4 -> 2288.5
A5: EMP139 | B5: John | C5: Martinez | D5: =IF(AND(ISBLANK(B5), ISBLANK(C5)), "- -", IF(ISBLANK(B5), "- " & TRIM(PROPER(C5)), IF(ISBLANK(C5), TRIM(PROPER(B5)) & " -", _xlfn.TEXTJOIN(" ", TRUE, TRIM(PROPER(B5)), TRIM(PROPER(C5)))))) -> John Martinez | E5: =_xlfn.XLOOKUP(F5, Lookup_Departments!$A$2:$A$7, Lookup_Departments!$B$2:$B$7, "Unknown") -> Finance | F5: =UPPER(TRIM(G5)) -> FIN03 | G5: FIN03 | H5: =DATEVALUE(TEXT(J5, "dd-mmm-yyyy")) -> 45110 | I5: =DATEDIF(H5, TODAY(), "Y") -> 3 | J5: 45110 | K5: 103831 | L5: 70 | M5: active | N5: {=_xlfn.SWITCH(TRIM(PROPER(M5)), "Active", "Active", "Actv", "Active", "Left", "Left", "Resigned", "Left", "Unknown")} -> Active | O5: =_xlfn.XLOOKUP(L5, Lookup_Performance!$A$2:$A$6, Lookup_Performance!$C$2:$C$6, "No Score", -1) -> Achieving | P5: =_xlfn.XLOOKUP(L5, Lookup_Performance!$A$2:$A$6, Lookup_Performance!$D$2:$D$6, 0, -1) -> 0.05 | Q5: =K5*P5 -> 5191.55
A6: EMP112 | B6: Thomas | C6: Smith | D6: =IF(AND(ISBLANK(B6), ISBLANK(C6)), "- -", IF(ISBLANK(B6), "- " & TRIM(PROPER(C6)), IF(ISBLANK(C6), TRIM(PROPER(B6)) & " -", _xlfn.TEXTJOIN(" ", TRUE, TRIM(PROPER(B6)), TRIM(PROPER(C6)))))) -> Thomas Smith | E6: =_xlfn.XLOOKUP(F6, Lookup_Departments!$A$2:$A$7, Lookup_Departments!$B$2:$B$7, "Unknown") -> Information Technology | F6: =UPPER(TRIM(G6)) -> IT02 | G6: IT02 | H6: =DATEVALUE(TEXT(J6, "dd-mmm-yyyy")) -> 44977 | I6: =DATEDIF(H6, TODAY(), "Y") -> 3 | J6: 44977 | K6: 73785 | L6: 40 | M6: Left | N6: {=_xlfn.SWITCH(TRIM(PROPER(M6)), "Active", "Active", "Actv", "Active", "Left", "Left", "Resigned", "Left", "Unknown")} -> Left | O6: =_xlfn.XLOOKUP(L6, Lookup_Performance!$A$2:$A$6, Lookup_Performance!$C$2:$C$6, "No Score", -1) -> Needs Improvement | P6: =_xlfn.XLOOKUP(L6, Lookup_Performance!$A$2:$A$6, Lookup_Performance!$D$2:$D$6, 0, -1) -> 0 | Q6: =K6*P6 -> 0
A7: EMP030 | B7: Emily | C7: Johnson | D7: =IF(AND(ISBLANK(B7), ISBLANK(C7)), "- -", IF(ISBLANK(B7), "- " & TRIM(PROPER(C7)), IF(ISBLANK(C7), TRIM(PROPER(B7)) & " -", _xlfn.TEXTJOIN(" ", TRUE, TRIM(PROPER(B7)), TRIM(PROPER(C7)))))) -> Emily Johnson | E7: =_xlfn.XLOOKUP(F7, Lookup_Departments!$A$2:$A$7, Lookup_Departments!$B$2:$B$7, "Unknown") -> Operations | F7: =UPPER(TRIM(G7)) -> OPS06 | G7: OPS06 | H7: =DATEVALUE(TEXT(J7, "dd-mmm-yyyy")) -> 43892 | I7: =DATEDIF(H7, TODAY(), "Y") -> 6 | J7: 02-Mar-20 | K7: 115882 | L7: 49 | M7: ACTIVE | N7: {=_xlfn.SWITCH(TRIM(PROPER(M7)), "Active", "Active", "Actv", "Active", "Left", "Left", "Resigned", "Left", "Unknown")} -> Active | O7: =_xlfn.XLOOKUP(L7, Lookup_Performance!$A$2:$A$6, Lookup_Performance!$C$2:$C$6, "No Score", -1) -> Needs Improvement | P7: =_xlfn.XLOOKUP(L7, Lookup_Performance!$A$2:$A$6, Lookup_Performance!$D$2:$D$6, 0, -1) -> 0 | Q7: =K7*P7 -> 0
A8: EMP096 | B8: John | C8: Wilson | D8: =IF(AND(ISBLANK(B8), ISBLANK(C8)), "- -", IF(ISBLANK(B8), "- " & TRIM(PROPER(C8)), IF(ISBLANK(C8), TRIM(PROPER(B8)) & " -", _xlfn.TEXTJOIN(" ", TRUE, TRIM(PROPER(B8)), TRIM(PROPER(C8)))))) -> John Wilson | E8: =_xlfn.XLOOKUP(F8, Lookup_Departments!$A$2:$A$7, Lookup_Departments!$B$2:$B$7, "Unknown") -> Operations | F8: =UPPER(TRIM(G8)) -> OPS06 | G8: OPS06 | H8: =DATEVALUE(TEXT(J8, "dd-mmm-yyyy")) -> 45272 | I8: =DATEDIF(H8, TODAY(), "Y") -> 2 | J8: 45272 | K8: 59980 | L8: 70 | M8: Left | N8: {=_xlfn.SWITCH(TRIM(PROPER(M8)), "Active", "Active", "Actv", "Active", "Left", "Left", "Resigned", "Left", "Unknown")} -> Left | O8: =_xlfn.XLOOKUP(L8, Lookup_Performance!$A$2:$A$6, Lookup_Performance!$C$2:$C$6, "No Score", -1) -> Achieving | P8: =_xlfn.XLOOKUP(L8, Lookup_Performance!$A$2:$A$6, Lookup_Performance!$D$2:$D$6, 0, -1) -> 0.05 | Q8: =K8*P8 -> 2999
A9: EMP098 | B9: Jessica | C9: Smith | D9: =IF(AND(ISBLANK(B9), ISBLANK(C9)), "- -", IF(ISBLANK(B9), "- " & TRIM(PROPER(C9)), IF(ISBLANK(C9), TRIM(PROPER(B9)) & " -", _xlfn.TEXTJOIN(" ", TRUE, TRIM(PROPER(B9)), TRIM(PROPER(C9)))))) -> Jessica Smith | E9: =_xlfn.XLOOKUP(F9, Lookup_Departments!$A$2:$A$7, Lookup_Departments!$B$2:$B$7, "Unknown") -> Operations | F9: =UPPER(TRIM(G9)) -> OPS06 | G9: OPS06 | H9: =DATEVALUE(TEXT(J9, "dd-mmm-yyyy")) -> 44174 | I9: =DATEDIF(H9, TODAY(), "Y") -> 5 | J9: 44174 | K9: 68728 | L9: 45 | M9: ACTIVE | N9: {=_xlfn.SWITCH(TRIM(PROPER(M9)), "Active", "Active", "Actv", "Active", "Left", "Left", "Resigned", "Left", "Unknown")} -> Active | O9: =_xlfn.XLOOKUP(L9, Lookup_Performance!$A$2:$A$6, Lookup_Performance!$C$2:$C$6, "No Score", -1) -> Needs Improvement | P9: =_xlfn.XLOOKUP(L9, Lookup_Performance!$A$2:$A$6, Lookup_Performance!$D$2:$D$6, 0, -1) -> 0 | Q9: =K9*P9 -> 0
A10: EMP095 | C10: Rodriguez | D10: =IF(AND(ISBLANK(B10), ISBLANK(C10)), "- -", IF(ISBLANK(B10), "- " & TRIM(PROPER(C10)), IF(ISBLANK(C10), TRIM(PROPER(B10)) & " -", _xlfn.TEXTJOIN(" ", TRUE, TRIM(PROPER(B10)), TRIM(PROPER(C10)))))) -> - Rodriguez | E10: =_xlfn.XLOOKUP(F10, Lookup_Departments!$A$2:$A$7, Lookup_Departments!$B$2:$B$7, "Unknown") -> Finance | F10: =UPPER(TRIM(G10)) -> FIN03 | G10: FIN03 | H10: =DATEVALUE(TEXT(J10, "dd-mmm-yyyy")) -> 43107 | I10: =DATEDIF(H10, TODAY(), "Y") -> 8 | J10: 43107 | K10: 102139 | L10: 79 | M10: active | N10: {=_xlfn.SWITCH(TRIM(PROPER(M10)), "Active", "Active", "Actv", "Active", "Left", "Left", "Resigned", "Left", "Unknown")} -> Active | O10: =_xlfn.XLOOKUP(L10, Lookup_Performance!$A$2:$A$6, Lookup_Performance!$C$2:$C$6, "No Score", -1) -> Achieving | P10: =_xlfn.XLOOKUP(L10, Lookup_Performance!$A$2:$A$6, Lookup_Performance!$D$2:$D$6, 0, -1) -> 0.05 | Q10: =K10*P10 -> 5106.95
A11: EMP140 | B11: Michael | C11: Martinez | D11: =IF(AND(ISBLANK(B11), ISBLANK(C11)), "- -", IF(ISBLANK(B11), "- " & TRIM(PROPER(C11)), IF(ISBLANK(C11), TRIM(PROPER(B11)) & " -", _xlfn.TEXTJOIN(" ", TRUE, TRIM(PROPER(B11)), TRIM(PROPER(C11)))))) -> Michael Martinez | E11: =_xlfn.XLOOKUP(F11, Lookup_Departments!$A$2:$A$7, Lookup_Departments!$B$2:$B$7, "Unknown") -> Sales | F11: =UPPER(TRIM(G11)) -> SAL05 | G11: SAL05 | H11: =DATEVALUE(TEXT(J11, "dd-mmm-yyyy")) -> 42676 | I11: =DATEDIF(H11, TODAY(), "Y") -> 9 | J11: 42676 | K11: 94998 | L11: 58 | M11: Active | N11: {=_xlfn.SWITCH(TRIM(PROPER(M11)), "Active", "Active", "Actv", "Active", "Left", "Left", "Resigned", "Left", "Unknown")} -> Active | O11: =_xlfn.XLOOKUP(L11, Lookup_Performance!$A$2:$A$6, Lookup_Performance!$C$2:$C$6, "No Score", -1) -> Developing | P11: =_xlfn.XLOOKUP(L11, Lookup_Performance!$A$2:$A$6, Lookup_Performance!$D$2:$D$6, 0, -1) -> 0.02 | Q11: =K11*P11 -> 1899.96
A12: EMP020 | B12: Emily | C12: Miller | D12: =IF(AND(ISBLANK(B12), ISBLANK(C12)), "- -", IF(ISBLANK(B12), "- " & TRIM(PROPER(C12)), IF(ISBLANK(C12), TRIM(PROPER(B12)) & " -", _xlfn.TEXTJOIN(" ", TRUE, TRIM(PROPER(B12)), TRIM(PROPER(C12)))))) -> Emily Miller | E12: =_xlfn.XLOOKUP(F12, Lookup_Departments!$A$2:$A$7, Lookup_Departments!$B$2:$B$7, "Unknown") -> Sales | F12: =UPPER(TRIM(G12)) -> SAL05 | G12: sal05 | H12: =DATEVALUE(TEXT(J12, "dd-mmm-yyyy")) -> 43911 | I12: =DATEDIF(H12, TODAY(), "Y") -> 6 | J12: 43911 | K12: 118635 | L12: 49 | M12: Active | N12: {=_xlfn.SWITCH(TRIM(PROPER(M12)), "Active", "Active", "Actv", "Active", "Left", "Left", "Resigned", "Left", "Unknown")} -> Active | O12: =_xlfn.XLOOKUP(L12, Lookup_Performance!$A$2:$A$6, Lookup_Performance!$C$2:$C$6, "No Score", -1) -> Needs Improvement | P12: =_xlfn.XLOOKUP(L12, Lookup_Performance!$A$2:$A$6, Lookup_Performance!$D$2:$D$6, 0, -1) -> 0 | Q12: =K12*P12 -> 0
A13: EMP057 | B13: Emily | C13: Hernandez | D13: =IF(AND(ISBLANK(B13), ISBLANK(C13)), "- -", IF(ISBLANK(B13), "- " & TRIM(PROPER(C13)), IF(ISBLANK(C13), TRIM(PROPER(B13)) & " -", _xlfn.TEXTJOIN(" ", TRUE, TRIM(PROPER(B13)), TRIM(PROPER(C13)))))) -> Emily Hernandez | E13: =_xlfn.XLOOKUP(F13, Lookup_Departments!$A$2:$A$7, Lookup_Departments!$B$2:$B$7, "Unknown") -> Information Technology | F13: =UPPER(TRIM(G13)) -> IT02 | G13: IT02 | H13: =DATEVALUE(TEXT(J13, "dd-mmm-yyyy")) -> 42425 | I13: =DATEDIF(H13, TODAY(), "Y") -> 10 | J13: 42425 | K13: 76918 | L13: 62 | M13: Actv | N13: {=_xlfn.SWITCH(TRIM(PROPER(M13)), "Active", "Active", "Actv", "Active", "Left", "Left", "Resigned", "Left", "Unknown")} -> Active | O13: =_xlfn.XLOOKUP(L13, Lookup_Performance!$A$2:$A$6, Lookup_Performance!$C$2:$C$6, "No Score", -1) -> Developing | P13: =_xlfn.XLOOKUP(L13, Lookup_Performance!$A$2:$A$6, Lookup_Performance!$D$2:$D$6, 0, -1) -> 0.02 | Q13: =K13*P13 -> 1538.36
A14: EMP016 | B14: Jane | C14: Williams | D14: =IF(AND(ISBLANK(B14), ISBLANK(C14)), "- -", IF(ISBLANK(B14), "- " & TRIM(PROPER(C14)), IF(ISBLANK(C14), TRIM(PROPER(B14)) & " -", _xlfn.TEXTJOIN(" ", TRUE, TRIM(PROPER(B14)), TRIM(PROPER(C14)))))) -> Jane Williams | E14: =_xlfn.XLOOKUP(F14, Lookup_Departments!$A$2:$A$7, Lookup_Departments!$B$2:$B$7, "Unknown") -> Marketing | F14: =UPPER(TRIM(G14)) -> MKT04 | G14: mkt04 | H14: =DATEVALUE(TEXT(J14, "dd-mmm-yyyy")) -> 44364 | I14: =DATEDIF(H14, TODAY(), "Y") -> 5 | J14: 17-Jun-21 | K14: 61408 | L14: 48 | M14: ACTIVE | N14: {=_xlfn.SWITCH(TRIM(PROPER(M14)), "Active", "Active", "Actv", "Active", "Left", "Left", "Resigned", "Left", "Unknown")} -> Active | O14: =_xlfn.XLOOKUP(L14, Lookup_Performance!$A$2:$A$6, Lookup_Performance!$C$2:$C$6, "No Score", -1) -> Needs Improvement | P14: =_xlfn.XLOOKUP(L14, Lookup_Performance!$A$2:$A$6, Lookup_Performance!$D$2:$D$6, 0, -1) -> 0 | Q14: =K14*P14 -> 0
A15: EMP070 | B15: Jane | C15: Miller | D15: =IF(AND(ISBLANK(B15), ISBLANK(C15)), "- -", IF(ISBLANK(B15), "- " & TRIM(PROPER(C15)), IF(ISBLANK(C15), TRIM(PROPER(B15)) & " -", _xlfn.TEXTJOIN(" ", TRUE, TRIM(PROPER(B15)), TRIM(PROPER(C15)))))) -> Jane Miller | E15: =_xlfn.XLOOKUP(F15, Lookup_Departments!$A$2:$A$7, Lookup_Departments!$B$2:$B$7, "Unknown") -> Marketing | F15: =UPPER(TRIM(G15)) -> MKT04 | G15: MKT04 | H15: =DATEVALUE(TEXT(J15, "dd-mmm-yyyy")) -> 44001 | I15: =DATEDIF(H15, TODAY(), "Y") -> 6 | J15: 44001 | K15: 99990 | L15: 54 | M15: Actv | N15: {=_xlfn.SWITCH(TRIM(PROPER(M15)), "Active", "Active", "Actv", "Active", "Left", "Left", "Resigned", "Left", "Unknown")} -> Active | O15: =_xlfn.XLOOKUP(L15, Lookup_Performance!$A$2:$A$6, Lookup_Performance!$C$2:$C$6, "No Score", -1) -> Developing | P15: =_xlfn.XLOOKUP(L15, Lookup_Performance!$A$2:$A$6, Lookup_Performance!$D$2:$D$6, 0, -1) -> 0.02 | Q15: =K15*P15 -> 1999.8
A16: EMP025 | B16: Robert | C16: Jones | D16: =IF(AND(ISBLANK(B16), ISBLANK(C16)), "- -", IF(ISBLANK(B16), "- " & TRIM(PROPER(C16)), IF(ISBLANK(C16), TRIM(PROPER(B16)) & " -", _xlfn.TEXTJOIN(" ", TRUE, TRIM(PROPER(B16)), TRIM(PROPER(C16)))))) -> Robert Jones | E16: =_xlfn.XLOOKUP(F16, Lookup_Departments!$A$2:$A$7, Lookup_Departments!$B$2:$B$7, "Unknown") -> Marketing | F16: =UPPER(TRIM(G16)) -> MKT04 | G16: MKT04 | H16: =DATEVALUE(TEXT(J16, "dd-mmm-yyyy")) -> 43820 | I16: =DATEDIF(H16, TODAY(), "Y") -> 6 | J16: 43820 | K16: 80385 | L16: 70 | M16: active | N16: {=_xlfn.SWITCH(TRIM(PROPER(M16)), "Active", "Active", "Actv", "Active", "Left", "Left", "Resigned", "Left", "Unknown")} -> Active | O16: =_xlfn.XLOOKUP(L16, Lookup_Performance!$A$2:$A$6, Lookup_Performance!$C$2:$C$6, "No Score", -1) -> Achieving | P16: =_xlfn.XLOOKUP(L16, Lookup_Performance!$A$2:$A$6, Lookup_Performance!$D$2:$D$6, 0, -1) -> 0.05 | Q16: =K16*P16 -> 4019.25
A17: EMP031 | B17: Thomas | C17: Rodriguez | D17: =IF(AND(ISBLANK(B17), ISBLANK(C17)), "- -", IF(ISBLANK(B17), "- " & TRIM(PROPER(C17)), IF(ISBLANK(C17), TRIM(PROPER(B17)) & " -", _xlfn.TEXTJOIN(" ", TRUE, TRIM(PROPER(B17)), TRIM(PROPER(C17)))))) -> Thomas Rodriguez | E17: =_xlfn.XLOOKUP(F17, Lookup_Departments!$A$2:$A$7, Lookup_Departments!$B$2:$B$7, "Unknown") -> Sales | F17: =UPPER(TRIM(G17)) -> SAL05 | G17: SAL05 | H17: =DATEVALUE(TEXT(J17, "dd-mmm-yyyy")) -> 45169 | I17: =DATEDIF(H17, TODAY(), "Y") -> 2 | J17: 45169 | K17: 65290 | L17: 77 | M17: active | N17: {=_xlfn.SWITCH(TRIM(PROPER(M17)), "Active", "Active", "Actv", "Active", "Left", "Left", "Resigned", "Left", "Unknown")} -> Active | O17: =_xlfn.XLOOKUP(L17, Lookup_Performance!$A$2:$A$6, Lookup_Performance!$C$2:$C$6, "No Score", -1) -> Achieving | P17: =_xlfn.XLOOKUP(L17, Lookup_Performance!$A$2:$A$6, Lookup_Performance!$D$2:$D$6, 0, -1) -> 0.05 | Q17: =K17*P17 -> 3264.5
A18: EMP126 | B18: Emily | C18: Davis | D18: =IF(AND(ISBLANK(B18), ISBLANK(C18)), "- -", IF(ISBLANK(B18), "- " & TRIM(PROPER(C18)), IF(ISBLANK(C18), TRIM(PROPER(B18)) & " -", _xlfn.TEXTJOIN(" ", TRUE, TRIM(PROPER(B18)), TRIM(PROPER(C18)))))) -> Emily Davis | E18: =_xlfn.XLOOKUP(F18, Lookup_Departments!$A$2:$A$7, Lookup_Departments!$B$2:$B$7, "Unknown") -> Information Technology | F18: =UPPER(TRIM(G18)) -> IT02 | G18: IT02 | H18: =DATEVALUE(TEXT(J18, "dd-mmm-yyyy")) -> 42337 | I18: =DATEDIF(H18, TODAY(), "Y") -> 10 | J18: 42337 | K18: 105765 | L18: 42 | M18: Active | N18: {=_xlfn.SWITCH(TRIM(PROPER(M18)), "Active", "Active", "Actv", "Active", "Left", "Left", "Resigned", "Left", "Unknown")} -> Active | O18: =_xlfn.XLOOKUP(L18, Lookup_Performance!$A$2:$A$6, Lookup_Performance!$C$2:$C$6, "No Score", -1) -> Needs Improvement | P18: =_xlfn.XLOOKUP(L18, Lookup_Performance!$A$2:$A$6, Lookup_Performance!$D$2:$D$6, 0, -1) -> 0 | Q18: =K18*P18 -> 0
A19: EMP109 | B19: James | C19: Martinez | D19: =IF(AND(ISBLANK(B19), ISBLANK(C19)), "- -", IF(ISBLANK(B19), "- " & TRIM(PROPER(C19)), IF(ISBLANK(C19), TRIM(PROPER(B19)) & " -", _xlfn.TEXTJOIN(" ", TRUE, TRIM(PROPER(B19)), TRIM(PROPER(C19)))))) -> James Martinez | E19: =_xlfn.XLOOKUP(F19, Lookup_Departments!$A$2:$A$7, Lookup_Departments!$B$2:$B$7, "Unknown") -> Sales | F19: =UPPER(TRIM(G19)) -> SAL05 | G19: SAL05 | H19: =DATEVALUE(TEXT(J19, "dd-mmm-yyyy")) -> 42899 | I19: =DATEDIF(H19, TODAY(), "Y") -> 9 | J19: 42899 | K19: 102921 | L19: 49 | M19: ACTIVE | N19: {=_xlfn.SWITCH(TRIM(PROPER(M19)), "Active", "Active", "Actv", "Active", "Left", "Left", "Resigned", "Left", "Unknown")} -> Active | O19: =_xlfn.XLOOKUP(L19, Lookup_Performance!$A$2:$A$6, Lookup_Performance!$C$2:$C$6, "No Score", -1) -> Needs Improvement | P19: =_xlfn.XLOOKUP(L19, Lookup_Performance!$A$2:$A$6, Lookup_Performance!$D$2:$D$6, 0, -1) -> 0 | Q19: =K19*P19 -> 0
A20: EMP066 | B20: Ashley | C20: Lopez | D20: =IF(AND(ISBLANK(B20), ISBLANK(C20)), "- -", IF(ISBLANK(B20), "- " & TRIM(PROPER(C20)), IF(ISBLANK(C20), TRIM(PROPER(B20)) & " -", _xlfn.TEXTJOIN(" ", TRUE, TRIM(PROPER(B20)), TRIM(PROPER(C20)))))) -> Ashley Lopez | E20: =_xlfn.XLOOKUP(F20, Lookup_Departments!$A$2:$A$7, Lookup_Departments!$B$2:$B$7, "Unknown") -> Marketing | F20: =UPPER(TRIM(G20)) -> MKT04 | G20: MKT04 | H20: =DATEVALUE(TEXT(J20, "dd-mmm-yyyy")) -> 43235 | I20: =DATEDIF(H20, TODAY(), "Y") -> 8 | J20: 43235 | K20: 73984 | L20: 93 | M20: Actv | N20: {=_xlfn.SWITCH(TRIM(PROPER(M20)), "Active", "Active", "Actv", "Active", "Left", "Left", "Resigned", "Left", "Unknown")} -> Active | O20: =_xlfn.XLOOKUP(L20, Lookup_Performance!$A$2:$A$6, Lookup_Performance!$C$2:$C$6, "No Score", -1) -> Exceeding | P20: =_xlfn.XLOOKUP(L20, Lookup_Performance!$A$2:$A$6, Lookup_Performance!$D$2:$D$6, 0, -1) -> 0.08 | Q20: =K20*P20 -> 5918.72
A21: EMP120 | B21: Amanda | C21: Gonzalez | D21: =IF(AND(ISBLANK(B21), ISBLANK(C21)), "- -", IF(ISBLANK(B21), "- " & TRIM(PROPER(C21)), IF(ISBLANK(C21), TRIM(PROPER(B21)) & " -", _xlfn.TEXTJOIN(" ", TRUE, TRIM(PROPER(B21)), TRIM(PROPER(C21)))))) -> Amanda Gonzalez | E21: =_xlfn.XLOOKUP(F21, Lookup_Departments!$A$2:$A$7, Lookup_Departments!$B$2:$B$7, "Unknown") -> Information Technology | F21: =UPPER(TRIM(G21)) -> IT02 | G21: IT02 | H21: =DATEVALUE(TEXT(J21, "dd-mmm-yyyy")) -> 42575 | I21: =DATEDIF(H21, TODAY(), "Y") -> 9 | J21: 42575 | K21: 83604 | L21: 75 | M21: Actv | N21: {=_xlfn.SWITCH(TRIM(PROPER(M21)), "Active", "Active", "Actv", "Active", "Left", "Left", "Resigned", "Left", "Unknown")} -> Active | O21: =_xlfn.XLOOKUP(L21, Lookup_Performance!$A$2:$A$6, Lookup_Performance!$C$2:$C$6, "No Score", -1) -> Achieving | P21: =_xlfn.XLOOKUP(L21, Lookup_Performance!$A$2:$A$6, Lookup_Performance!$D$2:$D$6, 0, -1) -> 0.05 | Q21: =K21*P21 -> 4180.2
A22: EMP019 | B22: Michael | C22: Hernandez | D22: =IF(AND(ISBLANK(B22), ISBLANK(C22)), "- -", IF(ISBLANK(B22), "- " & TRIM(PROPER(C22)), IF(ISBLANK(C22), TRIM(PROPER(B22)) & " -", _xlfn.TEXTJOIN(" ", TRUE, TRIM(PROPER(B22)), TRIM(PROPER(C22)))))) -> Michael Hernandez | E22: =_xlfn.XLOOKUP(F22, Lookup_Departments!$A$2:$A$7, Lookup_Departments!$B$2:$B$7, "Unknown") -> Finance | F22: =UPPER(TRIM(G22)) -> FIN03 | G22: FIN03 | H22: =DATEVALUE(TEXT(J22, "dd-mmm-yyyy")) -> 43076 | I22: =DATEDIF(H22, TODAY(), "Y") -> 8 | J22: 43076 | K22: 118527 | L22: 50 | M22: Actv | N22: {=_xlfn.SWITCH(TRIM(PROPER(M22)), "Active", "Active", "Actv", "Active", "Left", "Left", "Resigned", "Left", "Unknown")} -> Active | O22: =_xlfn.XLOOKUP(L22, Lookup_Performance!$A$2:$A$6, Lookup_Performance!$C$2:$C$6, "No Score", -1) -> Developing | P22: =_xlfn.XLOOKUP(L22, Lookup_Performance!$A$2:$A$6, Lookup_Performance!$D$2:$D$6, 0, -1) -> 0.02 | Q22: =K22*P22 -> 2370.54
A23: EMP013 | B23: Richard | C23: Hernandez | D23: =IF(AND(ISBLANK(B23), ISBLANK(C23)), "- -", IF(ISBLANK(B23), "- " & TRIM(PROPER(C23)), IF(ISBLANK(C23), TRIM(PROPER(B23)) & " -", _xlfn.TEXTJOIN(" ", TRUE, TRIM(PROPER(B23)), TRIM(PROPER(C23)))))) -> Richard Hernandez | E23: =_xlfn.XLOOKUP(F23, Lookup_Departments!$A$2:$A$7, Lookup_Departments!$B$2:$B$7, "Unknown") -> Marketing | F23: =UPPER(TRIM(G23)) -> MKT04 | G23: MKT04 | H23: =DATEVALUE(TEXT(J23, "dd-mmm-yyyy")) -> 44353 | I23: =DATEDIF(H23, TODAY(), "Y") -> 5 | J23: 44353 | K23: 107871 | L23: 88 | M23: active | N23: {=_xlfn.SWITCH(TRIM(PROPER(M23)), "Active", "Active", "Actv", "Active", "Left", "Left", "Resigned", "Left", "Unknown")} -> Active | O23: =_xlfn.XLOOKUP(L23, Lookup_Performance!$A$2:$A$6, Lookup_Performance!$C$2:$C$6, "No Score", -1) -> Exceeding | P23: =_xlfn.XLOOKUP(L23, Lookup_Performance!$A$2:$A$6, Lookup_Performance!$D$2:$D$6, 0, -1) -> 0.08 | Q23: =K23*P23 -> 8629.68
A24: EMP010 | B24: Michael | C24: Rodriguez | D24: =IF(AND(ISBLANK(B24), ISBLANK(C24)), "- -", IF(ISBLANK(B24), "- " & TRIM(PROPER(C24)), IF(ISBLANK(C24), TRIM(PROPER(B24)) & " -", _xlfn.TEXTJOIN(" ", TRUE, TRIM(PROPER(B24)), TRIM(PROPER(C24)))))) -> Michael Rodriguez | E24: =_xlfn.XLOOKUP(F24, Lookup_Departments!$A$2:$A$7, Lookup_Departments!$B$2:$B$7, "Unknown") -> Information Technology | F24: =UPPER(TRIM(G24)) -> IT02 | G24: IT02 | H24: =DATEVALUE(TEXT(J24, "dd-mmm-yyyy")) -> 44815 | I24: =DATEDIF(H24, TODAY(), "Y") -> 3 | J24: 44815 | K24: 93956 | L24: 50 | M24: LEFT | N24: {=_xlfn.SWITCH(TRIM(PROPER(M24)), "Active", "Active", "Actv", "Active", "Left", "Left", "Resigned", "Left", "Unknown")} -> Left | O24: =_xlfn.XLOOKUP(L24, Lookup_Performance!$A$2:$A$6, Lookup_Performance!$C$2:$C$6, "No Score", -1) -> Developing | P24: =_xlfn.XLOOKUP(L24, Lookup_Performance!$A$2:$A$6, Lookup_Performance!$D$2:$D$6, 0, -1) -> 0.02 | Q24: =K24*P24 -> 1879.12
A25: EMP032 | B25: Jessica | C25: Johnson | D25: =IF(AND(ISBLANK(B25), ISBLANK(C25)), "- -", IF(ISBLANK(B25), "- " & TRIM(PROPER(C25)), IF(ISBLANK(C25), TRIM(PROPER(B25)) & " -", _xlfn.TEXTJOIN(" ", TRUE, TRIM(PROPER(B25)), TRIM(PROPER(C25)))))) -> Jessica Johnson | E25: =_xlfn.XLOOKUP(F25, Lookup_Departments!$A$2:$A$7, Lookup_Departments!$B$2:$B$7, "Unknown") -> Finance | F25: =UPPER(TRIM(G25)) -> FIN03 | G25: FIN03 | H25: =DATEVALUE(TEXT(J25, "dd-mmm-yyyy")) -> 42565 | I25: =DATEDIF(H25, TODAY(), "Y") -> 9 | J25: 42565 | K25: 100851 | L25: 64 | M25: ACTIVE | N25: {=_xlfn.SWITCH(TRIM(PROPER(M25)), "Active", "Active", "Actv", "Active", "Left", "Left", "Resigned", "Left", "Unknown")} -> Active | O25: =_xlfn.XLOOKUP(L25, Lookup_Performance!$A$2:$A$6, Lookup_Performance!$C$2:$C$6, "No Score", -1) -> Developing | P25: =_xlfn.XLOOKUP(L25, Lookup_Performance!$A$2:$A$6, Lookup_Performance!$D$2:$D$6, 0, -1) -> 0.02 | Q25: =K25*P25 -> 2017.02
A26: EMP082 | B26: Ashley | C26: Williams | D26: =IF(AND(ISBLANK(B26), ISBLANK(C26)), "- -", IF(ISBLANK(B26), "- " & TRIM(PROPER(C26)), IF(ISBLANK(C26), TRIM(PROPER(B26)) & " -", _xlfn.TEXTJOIN(" ", TRUE, TRIM(PROPER(B26)), TRIM(PROPER(C26)))))) -> Ashley Williams | E26: =_xlfn.XLOOKUP(F26, Lookup_Departments!$A$2:$A$7, Lookup_Departments!$B$2:$B$7, "Unknown") -> Sales | F26: =UPPER(TRIM(G26)) -> SAL05 | G26: SAL05 | H26: =DATEVALUE(TEXT(J26, "dd-mmm-yyyy")) -> 44728 | I26: =DATEDIF(H26, TODAY(), "Y") -> 4 | J26: 44728 | K26: 68655 | L26: 32 | M26: active | N26: {=_xlfn.SWITCH(TRIM(PROPER(M26)), "Active", "Active", "Actv", "Active", "Left", "Left", "Resigned", "Left", "Unknown")} -> Active | O26: =_xlfn.XLOOKUP(L26, Lookup_Performance!$A$2:$A$6, Lookup_Performance!$C$2:$C$6, "No Score", -1) -> Needs Improvement | P26: =_xlfn.XLOOKUP(L26, Lookup_Performance!$A$2:$A$6, Lookup_Performance!$D$2:$D$6, 0, -1) -> 0 | Q26: =K26*P26 -> 0
A27: EMP052 | C27: Williams | D27: =IF(AND(ISBLANK(B27), ISBLANK(C27)), "- -", IF(ISBLANK(B27), "- " & TRIM(PROPER(C27)), IF(ISBLANK(C27), TRIM(PROPER(B27)) & " -", _xlfn.TEXTJOIN(" ", TRUE, TRIM(PROPER(B27)), TRIM(PROPER(C27)))))) -> - Williams | E27: =_xlfn.XLOOKUP(F27, Lookup_Departments!$A$2:$A$7, Lookup_Departments!$B$2:$B$7, "Unknown") -> Sales | F27: =UPPER(TRIM(G27)) -> SAL05 | G27: SAL05 | H27: =DATEVALUE(TEXT(J27, "dd-mmm-yyyy")) -> 45134 | I27: =DATEDIF(H27, TODAY(), "Y") -> 2 | J27: 45134 | K27: 81205 | L27: 59 | M27: Actv | N27: {=_xlfn.SWITCH(TRIM(PROPER(M27)), "Active", "Active", "Actv", "Active", "Left", "Left", "Resigned", "Left", "Unknown")} -> Active | O27: =_xlfn.XLOOKUP(L27, Lookup_Performance!$A$2:$A$6, Lookup_Performance!$C$2:$C$6, "No Score", -1) -> Developing | P27: =_xlfn.XLOOKUP(L27, Lookup_Performance!$A$2:$A$6, Lookup_Performance!$D$2:$D$6, 0, -1) -> 0.02 | Q27: =K27*P27 -> 1624.1
A28: EMP129 | B28: John | C28: Wilson | D28: =IF(AND(ISBLANK(B28), ISBLANK(C28)), "- -", IF(ISBLANK(B28), "- " & TRIM(PROPER(C28)), IF(ISBLANK(C28), TRIM(PROPER(B28)) & " -", _xlfn.TEXTJOIN(" ", TRUE, TRIM(PROPER(B28)), TRIM(PROPER(C28)))))) -> John Wilson | E28: =_xlfn.XLOOKUP(F28, Lookup_Departments!$A$2:$A$7, Lookup_Departments!$B$2:$B$7, "Unknown") -> Sales | F28: =UPPER(TRIM(G28)) -> SAL05 | G28: SAL05 | H28: =DATEVALUE(TEXT(J28, "dd-mmm-yyyy")) -> 43732 | I28: =DATEDIF(H28, TODAY(), "Y") -> 6 | J28: 09/24/2019 | K28: 77610 | L28: 88 | M28: Actv | N28: {=_xlfn.SWITCH(TRIM(PROPER(M28)), "Active", "Active", "Actv", "Active", "Left", "Left", "Resigned", "Left", "Unknown")} -> Active | O28: =_xlfn.XLOOKUP(L28, Lookup_Performance!$A$2:$A$6, Lookup_Performance!$C$2:$C$6, "No Score", -1) -> Exceeding | P28: =_xlfn.XLOOKUP(L28, Lookup_Performance!$A$2:$A$6, Lookup_Performance!$D$2:$D$6, 0, -1) -> 0.08 | Q28: =K28*P28 -> 6208.8
A29: EMP146 | B29: Thomas | C29: Rodriguez | D29: =IF(AND(ISBLANK(B29), ISBLANK(C29)), "- -", IF(ISBLANK(B29), "- " & TRIM(PROPER(C29)), IF(ISBLANK(C29), TRIM(PROPER(B29)) & " -", _xlfn.TEXTJOIN(" ", TRUE, TRIM(PROPER(B29)), TRIM(PROPER(C29)))))) -> Thomas Rodriguez | E29: =_xlfn.XLOOKUP(F29, Lookup_Departments!$A$2:$A$7, Lookup_Departments!$B$2:$B$7, "Unknown") -> Information Technology | F29: =UPPER(TRIM(G29)) -> IT02 | G29: it02 | H29: =DATEVALUE(TEXT(J29, "dd-mmm-yyyy")) -> 44765 | I29: =DATEDIF(H29, TODAY(), "Y") -> 3 | J29: 44765 | K29: 50873 | L29: 90 | M29: Active | N29: {=_xlfn.SWITCH(TRIM(PROPER(M29)), "Active", "Active", "Actv", "Active", "Left", "Left", "Resigned", "Left", "Unknown")} -> Active | O29: =_xlfn.XLOOKUP(L29, Lookup_Performance!$A$2:$A$6, Lookup_Performance!$C$2:$C$6, "No Score", -1) -> Exceeding | P29: =_xlfn.XLOOKUP(L29, Lookup_Performance!$A$2:$A$6, Lookup_Performance!$D$2:$D$6, 0, -1) -> 0.08 | Q29: =K29*P29 -> 4069.84
A30: EMP099 | B30: Michael | C30: Wilson | D30: =IF(AND(ISBLANK(B30), ISBLANK(C30)), "- -", IF(ISBLANK(B30), "- " & TRIM(PROPER(C30)), IF(ISBLANK(C30), TRIM(PROPER(B30)) & " -", _xlfn.TEXTJOIN(" ", TRUE, TRIM(PROPER(B30)), TRIM(PROPER(C30)))))) -> Michael Wilson | E30: =_xlfn.XLOOKUP(F30, Lookup_Departments!$A$2:$A$7, Lookup_Departments!$B$2:$B$7, "Unknown") -> Finance | F30: =UPPER(TRIM(G30)) -> FIN03 | G30: fin03 | H30: =DATEVALUE(TEXT(J30, "dd-mmm-yyyy")) -> 43233 | I30: =DATEDIF(H30, TODAY(), "Y") -> 8 | J30: 13-May-18 | K30: 85312 | L30: 66 | M30: active | N30: {=_xlfn.SWITCH(TRIM(PROPER(M30)), "Active", "Active", "Actv", "Active", "Left", "Left", "Resigned", "Left", "Unknown")} -> Active | O30: =_xlfn.XLOOKUP(L30, Lookup_Performance!$A$2:$A$6, Lookup_Performance!$C$2:$C$6, "No Score", -1) -> Developing | P30: =_xlfn.XLOOKUP(L30, Lookup_Performance!$A$2:$A$6, Lookup_Performance!$D$2:$D$6, 0, -1) -> 0.02 | Q30: =K30*P30 -> 1706.24
A31: EMP015 | B31: John | C31: Rodriguez | D31: =IF(AND(ISBLANK(B31), ISBLANK(C31)), "- -", IF(ISBLANK(B31), "- " & TRIM(PROPER(C31)), IF(ISBLANK(C31), TRIM(PROPER(B31)) & " -", _xlfn.TEXTJOIN(" ", TRUE, TRIM(PROPER(B31)), TRIM(PROPER(C31)))))) -> John Rodriguez | E31: =_xlfn.XLOOKUP(F31, Lookup_Departments!$A$2:$A$7, Lookup_Departments!$B$2:$B$7, "Unknown") -> Sales | F31: =UPPER(TRIM(G31)) -> SAL05 | G31: SAL05 | H31: =DATEVALUE(TEXT(J31, "dd-mmm-yyyy")) -> 42202 | I31: =DATEDIF(H31, TODAY(), "Y") -> 10 | J31: 42202 | K31: 83604 | L31: 68 | M31: active | N31: {=_xlfn.SWITCH(TRIM(PROPER(M31)), "Active", "Active", "Actv", "Active", "Left", "Left", "Resigned", "Left", "Unknown")} -> Active | O31: =_xlfn.XLOOKUP(L31, Lookup_Performance!$A$2:$A$6, Lookup_Performance!$C$2:$C$6, "No Score", -1) -> Developing | P31: =_xlfn.XLOOKUP(L31, Lookup_Performance!$A$2:$A$6, Lookup_Performance!$D$2:$D$6, 0, -1) -> 0.02 | Q31: =K31*P31 -> 1672.08
A32: EMP076 | B32: Thomas | C32: Hernandez | D32: =IF(AND(ISBLANK(B32), ISBLANK(C32)), "- -", IF(ISBLANK(B32), "- " & TRIM(PROPER(C32)), IF(ISBLANK(C32), TRIM(PROPER(B32)) & " -", _xlfn.TEXTJOIN(" ", TRUE, TRIM(PROPER(B32)), TRIM(PROPER(C32)))))) -> Thomas Hernandez | E32: =_xlfn.XLOOKUP(F32, Lookup_Departments!$A$2:$A$7, Lookup_Departments!$B$2:$B$7, "Unknown") -> Operations | F32: =UPPER(TRIM(G32)) -> OPS06 | G32: OPS06 | H32: =DATEVALUE(TEXT(J32, "dd-mmm-yyyy")) -> 42221 | I32: =DATEDIF(H32, TODAY(), "Y") -> 10 | J32: 05-Aug-15 | K32: 97055 | L32: 80 | M32: Actv | N32: {=_xlfn.SWITCH(TRIM(PROPER(M32)), "Active", "Active", "Actv", "Active", "Left", "Left", "Resigned", "Left", "Unknown")} -> Active | O32: =_xlfn.XLOOKUP(L32, Lookup_Performance!$A$2:$A$6, Lookup_Performance!$C$2:$C$6, "No Score", -1) -> Achieving | P32: =_xlfn.XLOOKUP(L32, Lookup_Performance!$A$2:$A$6, Lookup_Performance!$D$2:$D$6, 0, -1) -> 0.05 | Q32: =K32*P32 -> 4852.75
A33: EMP137 | B33: Michael | C33: Johnson | D33: =IF(AND(ISBLANK(B33), ISBLANK(C33)), "- -", IF(ISBLANK(B33), "- " & TRIM(PROPER(C33)), IF(ISBLANK(C33), TRIM(PROPER(B33)) & " -", _xlfn.TEXTJOIN(" ", TRUE, TRIM(PROPER(B33)), TRIM(PROPER(C33)))))) -> Michael Johnson | E33: =_xlfn.XLOOKUP(F33, Lookup_Departments!$A$2:$A$7, Lookup_Departments!$B$2:$B$7, "Unknown") -> Information Technology | F33: =UPPER(TRIM(G33)) -> IT02 | G33: IT02 | H33: =DATEVALUE(TEXT(J33, "dd-mmm-yyyy")) -> 45195 | I33: =DATEDIF(H33, TODAY(), "Y") -> 2 | J33: 45195 | K33: 66069 | L33: 72 | M33: Actv | N33: {=_xlfn.SWITCH(TRIM(PROPER(M33)), "Active", "Active", "Actv", "Active", "Left", "Left", "Resigned", "Left", "Unknown")} -> Active | O33: =_xlfn.XLOOKUP(L33, Lookup_Performance!$A$2:$A$6, Lookup_Performance!$C$2:$C$6, "No Score", -1) -> Achieving | P33: =_xlfn.XLOOKUP(L33, Lookup_Performance!$A$2:$A$6, Lookup_Performance!$D$2:$D$6, 0, -1) -> 0.05 | Q33: =K33*P33 -> 3303.45
A34: EMP056 | B34: Sarah | C34: Brown | D34: =IF(AND(ISBLANK(B34), ISBLANK(C34)), "- -", IF(ISBLANK(B34), "- " & TRIM(PROPER(C34)), IF(ISBLANK(C34), TRIM(PROPER(B34)) & " -", _xlfn.TEXTJOIN(" ", TRUE, TRIM(PROPER(B34)), TRIM(PROPER(C34)))))) -> Sarah Brown | E34: =_xlfn.XLOOKUP(F34, Lookup_Departments!$A$2:$A$7, Lookup_Departments!$B$2:$B$7, "Unknown") -> Information Technology | F34: =UPPER(TRIM(G34)) -> IT02 | G34: it02 | H34: =DATEVALUE(TEXT(J34, "dd-mmm-yyyy")) -> 43626 | I34: =DATEDIF(H34, TODAY(), "Y") -> 7 | J34: 10-Jun-19 | K34: 90157 | L34: 58 | M34: active | N34: {=_xlfn.SWITCH(TRIM(PROPER(M34)), "Active", "Active", "Actv", "Active", "Left", "Left", "Resigned", "Left", "Unknown")} -> Active | O34: =_xlfn.XLOOKUP(L34, Lookup_Performance!$A$2:$A$6, Lookup_Performance!$C$2:$C$6, "No Score", -1) -> Developing | P34: =_xlfn.XLOOKUP(L34, Lookup_Performance!$A$2:$A$6, Lookup_Performance!$D$2:$D$6, 0, -1) -> 0.02 | Q34: =K34*P34 -> 1803.14
A35: EMP125 | B35: Jane | C35: Martinez | D35: =IF(AND(ISBLANK(B35), ISBLANK(C35)), "- -", IF(ISBLANK(B35), "- " & TRIM(PROPER(C35)), IF(ISBLANK(C35), TRIM(PROPER(B35)) & " -", _xlfn.TEXTJOIN(" ", TRUE, TRIM(PROPER(B35)), TRIM(PROPER(C35)))))) -> Jane Martinez | E35: =_xlfn.XLOOKUP(F35, Lookup_Departments!$A$2:$A$7, Lookup_Departments!$B$2:$B$7, "Unknown") -> Human Resources | F35: =UPPER(TRIM(G35)) -> HR01 | G35: HR01 | H35: =DATEVALUE(TEXT(J35, "dd-mmm-yyyy")) -> 44578 | I35: =DATEDIF(H35, TODAY(), "Y") -> 4 | J35: 44578 | K35: 59899 | L35: 78 | M35: Actv | N35: {=_xlfn.SWITCH(TRIM(PROPER(M35)), "Active", "Active", "Actv", "Active", "Left", "Left", "Resigned", "Left", "Unknown")} -> Active | O35: =_xlfn.XLOOKUP(L35, Lookup_Performance!$A$2:$A$6, Lookup_Performance!$C$2:$C$6, "No Score", -1) -> Achieving | P35: =_xlfn.XLOOKUP(L35, Lookup_Performance!$A$2:$A$6, Lookup_Performance!$D$2:$D$6, 0, -1) -> 0.05 | Q35: =K35*P35 -> 2994.95
A36: EMP085 | B36: Emily | C36: Jones | D36: =IF(AND(ISBLANK(B36), ISBLANK(C36)), "- -", IF(ISBLANK(B36), "- " & TRIM(PROPER(C36)), IF(ISBLANK(C36), TRIM(PROPER(B36)) & " -", _xlfn.TEXTJOIN(" ", TRUE, TRIM(PROPER(B36)), TRIM(PROPER(C36)))))) -> Emily Jones | E36: =_xlfn.XLOOKUP(F36, Lookup_Departments!$A$2:$A$7, Lookup_Departments!$B$2:$B$7, "Unknown") -> Finance | F36: =UPPER(TRIM(G36)) -> FIN03 | G36: FIN03 | H36: =DATEVALUE(TEXT(J36, "dd-mmm-yyyy")) -> 42919 | I36: =DATEDIF(H36, TODAY(), "Y") -> 9 | J36: 03-Jul-17 | K36: 113389 | L36: 30 | M36: ACTIVE | N36: {=_xlfn.SWITCH(TRIM(PROPER(M36)), "Active", "Active", "Actv", "Active", "Left", "Left", "Resigned", "Left", "Unknown")} -> Active | O36: =_xlfn.XLOOKUP(L36, Lookup_Performance!$A$2:$A$6, Lookup_Performance!$C$2:$C$6, "No Score", -1) -> Needs Improvement | P36: =_xlfn.XLOOKUP(L36, Lookup_Performance!$A$2:$A$6, Lookup_Performance!$D$2:$D$6, 0, -1) -> 0 | Q36: =K36*P36 -> 0
A37: EMP106 | C37: Brown | D37: =IF(AND(ISBLANK(B37), ISBLANK(C37)), "- -", IF(ISBLANK(B37), "- " & TRIM(PROPER(C37)), IF(ISBLANK(C37), TRIM(PROPER(B37)) & " -", _xlfn.TEXTJOIN(" ", TRUE, TRIM(PROPER(B37)), TRIM(PROPER(C37)))))) -> - Brown | E37: =_xlfn.XLOOKUP(F37, Lookup_Departments!$A$2:$A$7, Lookup_Departments!$B$2:$B$7, "Unknown") -> Information Technology | F37: =UPPER(TRIM(G37)) -> IT02 | G37: IT02 | H37: =DATEVALUE(TEXT(J37, "dd-mmm-yyyy")) -> 42248 | I37: =DATEDIF(H37, TODAY(), "Y") -> 10 | J37: 01-Sep-15 | K37: 102691 | L37: 52 | M37: Active | N37: {=_xlfn.SWITCH(TRIM(PROPER(M37)), "Active", "Active", "Actv", "Active", "Left", "Left", "Resigned", "Left", "Unknown")} -> Active | O37: =_xlfn.XLOOKUP(L37, Lookup_Performance!$A$2:$A$6, Lookup_Performance!$C$2:$C$6, "No Score", -1) -> Developing | P37: =_xlfn.XLOOKUP(L37, Lookup_Performance!$A$2:$A$6, Lookup_Performance!$D$2:$D$6, 0, -1) -> 0.02 | Q37: =K37*P37 -> 2053.82
A38: EMP043 | B38: John | C38: Wilson | D38: =IF(AND(ISBLANK(B38), ISBLANK(C38)), "- -", IF(ISBLANK(B38), "- " & TRIM(PROPER(C38)), IF(ISBLANK(C38), TRIM(PROPER(B38)) & " -", _xlfn.TEXTJOIN(" ", TRUE, TRIM(PROPER(B38)), TRIM(PROPER(C38)))))) -> John Wilson | E38: =_xlfn.XLOOKUP(F38, Lookup_Departments!$A$2:$A$7, Lookup_Departments!$B$2:$B$7, "Unknown") -> Operations | F38: =UPPER(TRIM(G38)) -> OPS06 | G38: OPS06 | H38: =DATEVALUE(TEXT(J38, "dd-mmm-yyyy")) -> 44776 | I38: =DATEDIF(H38, TODAY(), "Y") -> 3 | J38: 03-Aug-22 | K38: 111845 | L38: 98 | M38: active | N38: {=_xlfn.SWITCH(TRIM(PROPER(M38)), "Active", "Active", "Actv", "Active", "Left", "Left", "Resigned", "Left", "Unknown")} -> Active | O38: =_xlfn.XLOOKUP(L38, Lookup_Performance!$A$2:$A$6, Lookup_Performance!$C$2:$C$6, "No Score", -1) -> Outstanding | P38: =_xlfn.XLOOKUP(L38, Lookup_Performance!$A$2:$A$6, Lookup_Performance!$D$2:$D$6, 0, -1) -> 0.12 | Q38: =K38*P38 -> 13421.4
A39: EMP068 | B39: Melissa | C39: Brown | D39: =IF(AND(ISBLANK(B39), ISBLANK(C39)), "- -", IF(ISBLANK(B39), "- " & TRIM(PROPER(C39)), IF(ISBLANK(C39), TRIM(PROPER(B39)) & " -", _xlfn.TEXTJOIN(" ", TRUE, TRIM(PROPER(B39)), TRIM(PROPER(C39)))))) -> Melissa Brown | E39: =_xlfn.XLOOKUP(F39, Lookup_Departments!$A$2:$A$7, Lookup_Departments!$B$2:$B$7, "Unknown") -> Sales | F39: =UPPER(TRIM(G39)) -> SAL05 | G39: SAL05 | H39: =DATEVALUE(TEXT(J39, "dd-mmm-yyyy")) -> 44741 | I39: =DATEDIF(H39, TODAY(), "Y") -> 4 | J39: 06/29/2022 | K39: 69219 | L39: 93 | M39: Actv | N39: {=_xlfn.SWITCH(TRIM(PROPER(M39)), "Active", "Active", "Actv", "Active", "Left", "Left", "Resigned", "Left", "Unknown")} -> Active | O39: =_xlfn.XLOOKUP(L39, Lookup_Performance!$A$2:$A$6, Lookup_Performance!$C$2:$C$6, "No Score", -1) -> Exceeding | P39: =_xlfn.XLOOKUP(L39, Lookup_Performance!$A$2:$A$6, Lookup_Performance!$D$2:$D$6, 0, -1) -> 0.08 | Q39: =K39*P39 -> 5537.52
A40: EMP128 | B40: Michael | C40: Smith | D40: =IF(AND(ISBLANK(B40), ISBLANK(C40)), "- -", IF(ISBLANK(B40), "- " & TRIM(PROPER(C40)), IF(ISBLANK(C40), TRIM(PROPER(B40)) & " -", _xlfn.TEXTJOIN(" ", TRUE, TRIM(PROPER(B40)), TRIM(PROPER(C40)))))) -> Michael Smith | E40: =_xlfn.XLOOKUP(F40, Lookup_Departments!$A$2:$A$7, Lookup_Departments!$B$2:$B$7, "Unknown") -> Finance | F40: =UPPER(TRIM(G40)) -> FIN03 | G40: FIN03 | H40: =DATEVALUE(TEXT(J40, "dd-mmm-yyyy")) -> 43949 | I40: =DATEDIF(H40, TODAY(), "Y") -> 6 | J40: 43949 | K40: 83604 | L40: 80 | M40: left | N40: {=_xlfn.SWITCH(TRIM(PROPER(M40)), "Active", "Active", "Actv", "Active", "Left", "Left", "Resigned", "Left", "Unknown")} -> Left | O40: =_xlfn.XLOOKUP(L40, Lookup_Performance!$A$2:$A$6, Lookup_Performance!$C$2:$C$6, "No Score", -1) -> Achieving | P40: =_xlfn.XLOOKUP(L40, Lookup_Performance!$A$2:$A$6, Lookup_Performance!$D$2:$D$6, 0, -1) -> 0.05 | Q40: =K40*P40 -> 4180.2
A41: EMP027 | B41: Sarah | C41: Miller | D41: =IF(AND(ISBLANK(B41), ISBLANK(C41)), "- -", IF(ISBLANK(B41), "- " & TRIM(PROPER(C41)), IF(ISBLANK(C41), TRIM(PROPER(B41)) & " -", _xlfn.TEXTJOIN(" ", TRUE, TRIM(PROPER(B41)), TRIM(PROPER(C41)))))) -> Sarah Miller | E41: =_xlfn.XLOOKUP(F41, Lookup_Departments!$A$2:$A$7, Lookup_Departments!$B$2:$B$7, "Unknown") -> Operations | F41: =UPPER(TRIM(G41)) -> OPS06 | G41: OPS06 | H41: =DATEVALUE(TEXT(J41, "dd-mmm-yyyy")) -> 42987 | I41: =DATEDIF(H41, TODAY(), "Y") -> 8 | J41: 09/09/2017 | K41: 57514 | L41: 70 | M41: active | N41: {=_xlfn.SWITCH(TRIM(PROPER(M41)), "Active", "Active", "Actv", "Active", "Left", "Left", "Resigned", "Left", "Unknown")} -> Active | O41: =_xlfn.XLOOKUP(L41, Lookup_Performance!$A$2:$A$6, Lookup_Performance!$C$2:$C$6, "No Score", -1) -> Achieving | P41: =_xlfn.XLOOKUP(L41, Lookup_Performance!$A$2:$A$6, Lookup_Performance!$D$2:$D$6, 0, -1) -> 0.05 | Q41: =K41*P41 -> 2875.7
A42: EMP136 | B42: Emily | C42: Wilson | D42: =IF(AND(ISBLANK(B42), ISBLANK(C42)), "- -", IF(ISBLANK(B42), "- " & TRIM(PROPER(C42)), IF(ISBLANK(C42), TRIM(PROPER(B42)) & " -", _xlfn.TEXTJOIN(" ", TRUE, TRIM(PROPER(B42)), TRIM(PROPER(C42)))))) -> Emily Wilson | E42: =_xlfn.XLOOKUP(F42, Lookup_Departments!$A$2:$A$7, Lookup_Departments!$B$2:$B$7, "Unknown") -> Sales | F42: =UPPER(TRIM(G42)) -> SAL05 | G42: SAL05 | H42: =DATEVALUE(TEXT(J42, "dd-mmm-yyyy")) -> 43181 | I42: =DATEDIF(H42, TODAY(), "Y") -> 8 | J42: 43181 | K42: 86245 | L42: 71 | M42: LEFT | N42: {=_xlfn.SWITCH(TRIM(PROPER(M42)), "Active", "Active", "Actv", "Active", "Left", "Left", "Resigned", "Left", "Unknown")} -> Left | O42: =_xlfn.XLOOKUP(L42, Lookup_Performance!$A$2:$A$6, Lookup_Performance!$C$2:$C$6, "No Score", -1) -> Achieving | P42: =_xlfn.XLOOKUP(L42, Lookup_Performance!$A$2:$A$6, Lookup_Performance!$D$2:$D$6, 0, -1) -> 0.05 | Q42: =K42*P42 -> 4312.25
A43: EMP079 | B43: David | C43: Hernandez | D43: =IF(AND(ISBLANK(B43), ISBLANK(C43)), "- -", IF(ISBLANK(B43), "- " & TRIM(PROPER(C43)), IF(ISBLANK(C43), TRIM(PROPER(B43)) & " -", _xlfn.TEXTJOIN(" ", TRUE, TRIM(PROPER(B43)), TRIM(PROPER(C43)))))) -> David Hernandez | E43: =_xlfn.XLOOKUP(F43, Lookup_Departments!$A$2:$A$7, Lookup_Departments!$B$2:$B$7, "Unknown") -> Sales | F43: =UPPER(TRIM(G43)) -> SAL05 | G43: SAL05 | H43: =DATEVALUE(TEXT(J43, "dd-mmm-yyyy")) -> 43958 | I43: =DATEDIF(H43, TODAY(), "Y") -> 6 | J43: 43958 | K43: 52407 | L43: 55 | M43: active | N43: {=_xlfn.SWITCH(TRIM(PROPER(M43)), "Active", "Active", "Actv", "Active", "Left", "Left", "Resigned", "Left", "Unknown")} -> Active | O43: =_xlfn.XLOOKUP(L43, Lookup_Performance!$A$2:$A$6, Lookup_Performance!$C$2:$C$6, "No Score", -1) -> Developing | P43: =_xlfn.XLOOKUP(L43, Lookup_Performance!$A$2:$A$6, Lookup_Performance!$D$2:$D$6, 0, -1) -> 0.02 | Q43: =K43*P43 -> 1048.14
A44: EMP149 | B44: James | C44: Smith | D44: =IF(AND(ISBLANK(B44), ISBLANK(C44)), "- -", IF(ISBLANK(B44), "- " & TRIM(PROPER(C44)), IF(ISBLANK(C44), TRIM(PROPER(B44)) & " -", _xlfn.TEXTJOIN(" ", TRUE, TRIM(PROPER(B44)), TRIM(PROPER(C44)))))) -> James Smith | E44: =_xlfn.XLOOKUP(F44, Lookup_Departments!$A$2:$A$7, Lookup_Departments!$B$2:$B$7, "Unknown") -> Operations | F44: =UPPER(TRIM(G44)) -> OPS06 | G44: OPS06 | H44: =DATEVALUE(TEXT(J44, "dd-mmm-yyyy")) -> 43549 | I44: =DATEDIF(H44, TODAY(), "Y") -> 7 | J44: 43549 | K44: 66606 | L44: 93 | M44: Resigned | N44: {=_xlfn.SWITCH(TRIM(PROPER(M44)), "Active", "Active", "Actv", "Active", "Left", "Left", "Resigned", "Left", "Unknown")} -> Left | O44: =_xlfn.XLOOKUP(L44, Lookup_Performance!$A$2:$A$6, Lookup_Performance!$C$2:$C$6, "No Score", -1) -> Exceeding | P44: =_xlfn.XLOOKUP(L44, Lookup_Performance!$A$2:$A$6, Lookup_Performance!$D$2:$D$6, 0, -1) -> 0.08 | Q44: =K44*P44 -> 5328.48
A45: EMP037 | B45: Sarah | C45: Williams | D45: =IF(AND(ISBLANK(B45), ISBLANK(C45)), "- -", IF(ISBLANK(B45), "- " & TRIM(PROPER(C45)), IF(ISBLANK(C45), TRIM(PROPER(B45)) & " -", _xlfn.TEXTJOIN(" ", TRUE, TRIM(PROPER(B45)), TRIM(PROPER(C45)))))) -> Sarah Williams | E45: =_xlfn.XLOOKUP(F45, Lookup_Departments!$A$2:$A$7, Lookup_Departments!$B$2:$B$7, "Unknown") -> Information Technology | F45: =UPPER(TRIM(G45)) -> IT02 | G45: IT02 | H45: =DATEVALUE(TEXT(J45, "dd-mmm-yyyy")) -> 43686 | I45: =DATEDIF(H45, TODAY(), "Y") -> 6 | J45: 43686 | K45: 81896 | L45: 79 | M45: Resigned | N45: {=_xlfn.SWITCH(TRIM(PROPER(M45)), "Active", "Active", "Actv", "Active", "Left", "Left", "Resigned", "Left", "Unknown")} -> Left | O45: =_xlfn.XLOOKUP(L45, Lookup_Performance!$A$2:$A$6, Lookup_Performance!$C$2:$C$6, "No Score", -1) -> Achieving | P45: =_xlfn.XLOOKUP(L45, Lookup_Performance!$A$2:$A$6, Lookup_Performance!$D$2:$D$6, 0, -1) -> 0.05 | Q45: =K45*P45 -> 4094.8
A46: EMP077 | B46: Amanda | C46: Lopez | D46: =IF(AND(ISBLANK(B46), ISBLANK(C46)), "- -", IF(ISBLANK(B46), "- " & TRIM(PROPER(C46)), IF(ISBLANK(C46), TRIM(PROPER(B46)) & " -", _xlfn.TEXTJOIN(" ", TRUE, TRIM(PROPER(B46)), TRIM(PROPER(C46)))))) -> Amanda Lopez | E46: =_xlfn.XLOOKUP(F46, Lookup_Departments!$A$2:$A$7, Lookup_Departments!$B$2:$B$7, "Unknown") -> Sales | F46: =UPPER(TRIM(G46)) -> SAL05 | G46: SAL05 | H46: =DATEVALUE(TEXT(J46, "dd-mmm-yyyy")) -> 42565 | I46: =DATEDIF(H46, TODAY(), "Y") -> 9 | J46: 07/14/2016 | K46: 78402 | L46: 54 | M46: ACTIVE | N46: {=_xlfn.SWITCH(TRIM(PROPER(M46)), "Active", "Active", "Actv", "Active", "Left", "Left", "Resigned", "Left", "Unknown")} -> Active | O46: =_xlfn.XLOOKUP(L46, Lookup_Performance!$A$2:$A$6, Lookup_Performance!$C$2:$C$6, "No Score", -1) -> Developing | P46: =_xlfn.XLOOKUP(L46, Lookup_Performance!$A$2:$A$6, Lookup_Performance!$D$2:$D$6, 0, -1) -> 0.02 | Q46: =K46*P46 -> 1568.04
A47: EMP023 | B47: Thomas | C47: Lopez | D47: =IF(AND(ISBLANK(B47), ISBLANK(C47)), "- -", IF(ISBLANK(B47), "- " & TRIM(PROPER(C47)), IF(ISBLANK(C47), TRIM(PROPER(B47)) & " -", _xlfn.TEXTJOIN(" ", TRUE, TRIM(PROPER(B47)), TRIM(PROPER(C47)))))) -> Thomas Lopez | E47: =_xlfn.XLOOKUP(F47, Lookup_Departments!$A$2:$A$7, Lookup_Departments!$B$2:$B$7, "Unknown") -> Operations | F47: =UPPER(TRIM(G47)) -> OPS06 | G47: OPS06 | H47: =DATEVALUE(TEXT(J47, "dd-mmm-yyyy")) -> 42647 | I47: =DATEDIF(H47, TODAY(), "Y") -> 9 | J47: 42647 | K47: 105498 | L47: 76 | M47: active | N47: {=_xlfn.SWITCH(TRIM(PROPER(M47)), "Active", "Active", "Actv", "Active", "Left", "Left", "Resigned", "Left", "Unknown")} -> Active | O47: =_xlfn.XLOOKUP(L47, Lookup_Performance!$A$2:$A$6, Lookup_Performance!$C$2:$C$6, "No Score", -1) -> Achieving | P47: =_xlfn.XLOOKUP(L47, Lookup_Performance!$A$2:$A$6, Lookup_Performance!$D$2:$D$6, 0, -1) -> 0.05 | Q47: =K47*P47 -> 5274.9
A48: EMP133 | B48: Melissa | C48: Johnson | D48: =IF(AND(ISBLANK(B48), ISBLANK(C48)), "- -", IF(ISBLANK(B48), "- " & TRIM(PROPER(C48)), IF(ISBLANK(C48), TRIM(PROPER(B48)) & " -", _xlfn.TEXTJOIN(" ", TRUE, TRIM(PROPER(B48)), TRIM(PROPER(C48)))))) -> Melissa Johnson | E48: =_xlfn.XLOOKUP(F48, Lookup_Departments!$A$2:$A$7, Lookup_Departments!$B$2:$B$7, "Unknown") -> Marketing | F48: =UPPER(TRIM(G48)) -> MKT04 | G48: MKT04 | H48: =DATEVALUE(TEXT(J48, "dd-mmm-yyyy")) -> 43656 | I48: =DATEDIF(H48, TODAY(), "Y") -> 6 | J48: 10-Jul-19 | K48: 91749 | L48: 72 | M48: left | N48: {=_xlfn.SWITCH(TRIM(PROPER(M48)), "Active", "Active", "Actv", "Active", "Left", "Left", "Resigned", "Left", "Unknown")} -> Left | O48: =_xlfn.XLOOKUP(L48, Lookup_Performance!$A$2:$A$6, Lookup_Performance!$C$2:$C$6, "No Score", -1) -> Achieving | P48: =_xlfn.XLOOKUP(L48, Lookup_Performance!$A$2:$A$6, Lookup_Performance!$D$2:$D$6, 0, -1) -> 0.05 | Q48: =K48*P48 -> 4587.45
A49: EMP141 | B49: Amanda | C49: Johnson | D49: =IF(AND(ISBLANK(B49), ISBLANK(C49)), "- -", IF(ISBLANK(B49), "- " & TRIM(PROPER(C49)), IF(ISBLANK(C49), TRIM(PROPER(B49)) & " -", _xlfn.TEXTJOIN(" ", TRUE, TRIM(PROPER(B49)), TRIM(PROPER(C49)))))) -> Amanda Johnson | E49: =_xlfn.XLOOKUP(F49, Lookup_Departments!$A$2:$A$7, Lookup_Departments!$B$2:$B$7, "Unknown") -> Operations | F49: =UPPER(TRIM(G49)) -> OPS06 | G49: OPS06 | H49: =DATEVALUE(TEXT(J49, "dd-mmm-yyyy")) -> 44437 | I49: =DATEDIF(H49, TODAY(), "Y") -> 4 | J49: 44437 | K49: 99935 | L49: 84 | M49: Resigned | N49: {=_xlfn.SWITCH(TRIM(PROPER(M49)), "Active", "Active", "Actv", "Active", "Left", "Left", "Resigned", "Left", "Unknown")} -> Left | O49: =_xlfn.XLOOKUP(L49, Lookup_Performance!$A$2:$A$6, Lookup_Performance!$C$2:$C$6, "No Score", -1) -> Achieving | P49: =_xlfn.XLOOKUP(L49, Lookup_Performance!$A$2:$A$6, Lookup_Performance!$D$2:$D$6, 0, -1) -> 0.05 | Q49: =K49*P49 -> 4996.75
A50: EMP012 | B50: John | C50: Davis | D50: =IF(AND(ISBLANK(B50), ISBLANK(C50)), "- -", IF(ISBLANK(B50), "- " & TRIM(PROPER(C50)), IF(ISBLANK(C50), TRIM(PROPER(B50)) & " -", _xlfn.TEXTJOIN(" ", TRUE, TRIM(PROPER(B50)), TRIM(PROPER(C50)))))) -> John Davis | E50: =_xlfn.XLOOKUP(F50, Lookup_Departments!$A$2:$A$7, Lookup_Departments!$B$2:$B$7, "Unknown") -> Information Technology | F50: =UPPER(TRIM(G50)) -> IT02 | G50: IT02 | H50: =DATEVALUE(TEXT(J50, "dd-mmm-yyyy")) -> 42761 | I50: =DATEDIF(H50, TODAY(), "Y") -> 9 | J50: 42761 | K50: 83531 | L50: 30 | M50: left | N50: {=_xlfn.SWITCH(TRIM(PROPER(M50)), "Active", "Active", "Actv", "Active", "Left", "Left", "Resigned", "Left", "Unknown")} -> Left | O50: =_xlfn.XLOOKUP(L50, Lookup_Performance!$A$2:$A$6, Lookup_Performance!$C$2:$C$6, "No Score", -1) -> Needs Improvement | P50: =_xlfn.XLOOKUP(L50, Lookup_Performance!$A$2:$A$6, Lookup_Performance!$D$2:$D$6, 0, -1) -> 0 | Q50: =K50*P50 -> 0
A51: EMP080 | B51: James | C51: Johnson | D51: =IF(AND(ISBLANK(B51), ISBLANK(C51)), "- -", IF(ISBLANK(B51), "- " & TRIM(PROPER(C51)), IF(ISBLANK(C51), TRIM(PROPER(B51)) & " -", _xlfn.TEXTJOIN(" ", TRUE, TRIM(PROPER(B51)), TRIM(PROPER(C51)))))) -> James Johnson | E51: =_xlfn.XLOOKUP(F51, Lookup_Departments!$A$2:$A$7, Lookup_Departments!$B$2:$B$7, "Unknown") -> Marketing | F51: =UPPER(TRIM(G51)) -> MKT04 | G51: mkt04 | H51: =DATEVALUE(TEXT(J51, "dd-mmm-yyyy")) -> 43981 | I51: =DATEDIF(H51, TODAY(), "Y") -> 6 | J51: 43981 | K51: 75023 | L51: 70 | M51: ACTIVE | N51: {=_xlfn.SWITCH(TRIM(PROPER(M51)), "Active", "Active", "Actv", "Active", "Left", "Left", "Resigned", "Left", "Unknown")} -> Active | O51: =_xlfn.XLOOKUP(L51, Lookup_Performance!$A$2:$A$6, Lookup_Performance!$C$2:$C$6, "No Score", -1) -> Achieving | P51: =_xlfn.XLOOKUP(L51, Lookup_Performance!$A$2:$A$6, Lookup_Performance!$D$2:$D$6, 0, -1) -> 0.05 | Q51: =K51*P51 -> 3751.15
A52: EMP069 | B52: Jane | C52: Davis | D52: =IF(AND(ISBLANK(B52), ISBLANK(C52)), "- -", IF(ISBLANK(B52), "- " & TRIM(PROPER(C52)), IF(ISBLANK(C52), TRIM(PROPER(B52)) & " -", _xlfn.TEXTJOIN(" ", TRUE, TRIM(PROPER(B52)), TRIM(PROPER(C52)))))) -> Jane Davis | E52: =_xlfn.XLOOKUP(F52, Lookup_Departments!$A$2:$A$7, Lookup_Departments!$B$2:$B$7, "Unknown") -> Human Resources | F52: =UPPER(TRIM(G52)) -> HR01 | G52: HR01 | H52: =DATEVALUE(TEXT(J52, "dd-mmm-yyyy")) -> 44612 | I52: =DATEDIF(H52, TODAY(), "Y") -> 4 | J52: 44612 | K52: 93290 | L52: 53 | M52: ACTIVE | N52: {=_xlfn.SWITCH(TRIM(PROPER(M52)), "Active", "Active", "Actv", "Active", "Left", "Left", "Resigned", "Left", "Unknown")} -> Active | O52: =_xlfn.XLOOKUP(L52, Lookup_Performance!$A$2:$A$6, Lookup_Performance!$C$2:$C$6, "No Score", -1) -> Developing | P52: =_xlfn.XLOOKUP(L52, Lookup_Performance!$A$2:$A$6, Lookup_Performance!$D$2:$D$6, 0, -1) -> 0.02 | Q52: =K52*P52 -> 1865.8
A53: EMP150 | B53: Richard | C53: Davis | D53: =IF(AND(ISBLANK(B53), ISBLANK(C53)), "- -", IF(ISBLANK(B53), "- " & TRIM(PROPER(C53)), IF(ISBLANK(C53), TRIM(PROPER(B53)) & " -", _xlfn.TEXTJOIN(" ", TRUE, TRIM(PROPER(B53)), TRIM(PROPER(C53)))))) -> Richard Davis | E53: =_xlfn.XLOOKUP(F53, Lookup_Departments!$A$2:$A$7, Lookup_Departments!$B$2:$B$7, "Unknown") -> Operations | F53: =UPPER(TRIM(G53)) -> OPS06 | G53: OPS06 | H53: =DATEVALUE(TEXT(J53, "dd-mmm-yyyy")) -> 42628 | I53: =DATEDIF(H53, TODAY(), "Y") -> 9 | J53: 42628 | K53: 115527 | L53: 63 | M53: Resigned | N53: {=_xlfn.SWITCH(TRIM(PROPER(M53)), "Active", "Active", "Actv", "Active", "Left", "Left", "Resigned", "Left", "Unknown")} -> Left | O53: =_xlfn.XLOOKUP(L53, Lookup_Performance!$A$2:$A$6, Lookup_Performance!$C$2:$C$6, "No Score", -1) -> Developing | P53: =_xlfn.XLOOKUP(L53, Lookup_Performance!$A$2:$A$6, Lookup_Performance!$D$2:$D$6, 0, -1) -> 0.02 | Q53: =K53*P53 -> 2310.54
A54: EMP028 | B54: Thomas | C54: Rodriguez | D54: =IF(AND(ISBLANK(B54), ISBLANK(C54)), "- -", IF(ISBLANK(B54), "- " & TRIM(PROPER(C54)), IF(ISBLANK(C54), TRIM(PROPER(B54)) & " -", _xlfn.TEXTJOIN(" ", TRUE, TRIM(PROPER(B54)), TRIM(PROPER(C54)))))) -> Thomas Rodriguez | E54: =_xlfn.XLOOKUP(F54, Lookup_Departments!$A$2:$A$7, Lookup_Departments!$B$2:$B$7, "Unknown") -> Finance | F54: =UPPER(TRIM(G54)) -> FIN03 | G54: FIN03 | H54: =DATEVALUE(TEXT(J54, "dd-mmm-yyyy")) -> 43745 | I54: =DATEDIF(H54, TODAY(), "Y") -> 6 | J54: 10/07/2019 | K54: 55920 | L54: 84 | M54: Actv | N54: {=_xlfn.SWITCH(TRIM(PROPER(M54)), "Active", "Active", "Actv", "Active", "Left", "Left", "Resigned", "Left", "Unknown")} -> Active | O54: =_xlfn.XLOOKUP(L54, Lookup_Performance!$A$2:$A$6, Lookup_Performance!$C$2:$C$6, "No Score", -1) -> Achieving | P54: =_xlfn.XLOOKUP(L54, Lookup_Performance!$A$2:$A$6, Lookup_Performance!$D$2:$D$6, 0, -1) -> 0.05 | Q54: =K54*P54 -> 2796
A55: EMP087 | B55: Emily | C55: Johnson | D55: =IF(AND(ISBLANK(B55), ISBLANK(C55)), "- -", IF(ISBLANK(B55), "- " & TRIM(PROPER(C55)), IF(ISBLANK(C55), TRIM(PROPER(B55)) & " -", _xlfn.TEXTJOIN(" ", TRUE, TRIM(PROPER(B55)), TRIM(PROPER(C55)))))) -> Emily Johnson | E55: =_xlfn.XLOOKUP(F55, Lookup_Departments!$A$2:$A$7, Lookup_Departments!$B$2:$B$7, "Unknown") -> Sales | F55: =UPPER(TRIM(G55)) -> SAL05 | G55: SAL05 | H55: =DATEVALUE(TEXT(J55, "dd-mmm-yyyy")) -> 43464 | I55: =DATEDIF(H55, TODAY(), "Y") -> 7 | J55: 43464 | K55: 80189 | L55: 30 | M55: Active | N55: {=_xlfn.SWITCH(TRIM(PROPER(M55)), "Active", "Active", "Actv", "Active", "Left", "Left", "Resigned", "Left", "Unknown")} -> Active | O55: =_xlfn.XLOOKUP(L55, Lookup_Performance!$A$2:$A$6, Lookup_Performance!$C$2:$C$6, "No Score", -1) -> Needs Improvement | P55: =_xlfn.XLOOKUP(L55, Lookup_Performance!$A$2:$A$6, Lookup_Performance!$D$2:$D$6, 0, -1) -> 0 | Q55: =K55*P55 -> 0
A56: EMP119 | B56: Emily | C56: Garcia | D56: =IF(AND(ISBLANK(B56), ISBLANK(C56)), "- -", IF(ISBLANK(B56), "- " & TRIM(PROPER(C56)), IF(ISBLANK(C56), TRIM(PROPER(B56)) & " -", _xlfn.TEXTJOIN(" ", TRUE, TRIM(PROPER(B56)), TRIM(PROPER(C56)))))) -> Emily Garcia | E56: =_xlfn.XLOOKUP(F56, Lookup_Departments!$A$2:$A$7, Lookup_Departments!$B$2:$B$7, "Unknown") -> Human Resources | F56: =UPPER(TRIM(G56)) -> HR01 | G56: HR01 | H56: =DATEVALUE(TEXT(J56, "dd-mmm-yyyy")) -> 44189 | I56: =DATEDIF(H56, TODAY(), "Y") -> 5 | J56: 44189 | K56: 118947 | L56: 96 | M56: active | N56: {=_xlfn.SWITCH(TRIM(PROPER(M56)), "Active", "Active", "Actv", "Active", "Left", "Left", "Resigned", "Left", "Unknown")} -> Active | O56: =_xlfn.XLOOKUP(L56, Lookup_Performance!$A$2:$A$6, Lookup_Performance!$C$2:$C$6, "No Score", -1) -> Outstanding | P56: =_xlfn.XLOOKUP(L56, Lookup_Performance!$A$2:$A$6, Lookup_Performance!$D$2:$D$6, 0, -1) -> 0.12 | Q56: =K56*P56 -> 14273.64
A57: EMP042 | B57: Jane | C57: Anderson | D57: =IF(AND(ISBLANK(B57), ISBLANK(C57)), "- -", IF(ISBLANK(B57), "- " & TRIM(PROPER(C57)), IF(ISBLANK(C57), TRIM(PROPER(B57)) & " -", _xlfn.TEXTJOIN(" ", TRUE, TRIM(PROPER(B57)), TRIM(PROPER(C57)))))) -> Jane Anderson | E57: =_xlfn.XLOOKUP(F57, Lookup_Departments!$A$2:$A$7, Lookup_Departments!$B$2:$B$7, "Unknown") -> Information Technology | F57: =UPPER(TRIM(G57)) -> IT02 | G57: IT02 | H57: =DATEVALUE(TEXT(J57, "dd-mmm-yyyy")) -> 45112 | I57: =DATEDIF(H57, TODAY(), "Y") -> 3 | J57: 45112 | K57: 83604 | L57: 54 | M57: Actv | N57: {=_xlfn.SWITCH(TRIM(PROPER(M57)), "Active", "Active", "Actv", "Active", "Left", "Left", "Resigned", "Left", "Unknown")} -> Active | O57: =_xlfn.XLOOKUP(L57, Lookup_Performance!$A$2:$A$6, Lookup_Performance!$C$2:$C$6, "No Score", -1) -> Developing | P57: =_xlfn.XLOOKUP(L57, Lookup_Performance!$A$2:$A$6, Lookup_Performance!$D$2:$D$6, 0, -1) -> 0.02 | Q57: =K57*P57 -> 1672.08
A58: EMP005 | B58: Thomas | C58: Garcia | D58: =IF(AND(ISBLANK(B58), ISBLANK(C58)), "- -", IF(ISBLANK(B58), "- " & TRIM(PROPER(C58)), IF(ISBLANK(C58), TRIM(PROPER(B58)) & " -", _xlfn.TEXTJOIN(" ", TRUE, TRIM(PROPER(B58)), TRIM(PROPER(C58)))))) -> Thomas Garcia | E58: =_xlfn.XLOOKUP(F58, Lookup_Departments!$A$2:$A$7, Lookup_Departments!$B$2:$B$7, "Unknown") -> Operations | F58: =UPPER(TRIM(G58)) -> OPS06 | G58: OPS06 | H58: =DATEVALUE(TEXT(J58, "dd-mmm-yyyy")) -> 44148 | I58: =DATEDIF(H58, TODAY(), "Y") -> 5 | J58: 44148 | K58: 83604 | L58: 75 | M58: Actv | N58: {=_xlfn.SWITCH(TRIM(PROPER(M58)), "Active", "Active", "Actv", "Active", "Left", "Left", "Resigned", "Left", "Unknown")} -> Active | O58: =_xlfn.XLOOKUP(L58, Lookup_Performance!$A$2:$A$6, Lookup_Performance!$C$2:$C$6, "No Score", -1) -> Achieving | P58: =_xlfn.XLOOKUP(L58, Lookup_Performance!$A$2:$A$6, Lookup_Performance!$D$2:$D$6, 0, -1) -> 0.05 | Q58: =K58*P58 -> 4180.2
A59: EMP033 | B59: David | C59: Martinez | D59: =IF(AND(ISBLANK(B59), ISBLANK(C59)), "- -", IF(ISBLANK(B59), "- " & TRIM(PROPER(C59)), IF(ISBLANK(C59), TRIM(PROPER(B59)) & " -", _xlfn.TEXTJOIN(" ", TRUE, TRIM(PROPER(B59)), TRIM(PROPER(C59)))))) -> David Martinez | E59: =_xlfn.XLOOKUP(F59, Lookup_Departments!$A$2:$A$7, Lookup_Departments!$B$2:$B$7, "Unknown") -> Human Resources | F59: =UPPER(TRIM(G59)) -> HR01 | G59: hr01 | H59: =DATEVALUE(TEXT(J59, "dd-mmm-yyyy")) -> 43138 | I59: =DATEDIF(H59, TODAY(), "Y") -> 8 | J59: 02/07/2018 | K59: 91655 | L59: 95 | M59: Active | N59: {=_xlfn.SWITCH(TRIM(PROPER(M59)), "Active", "Active", "Actv", "Active", "Left", "Left", "Resigned", "Left", "Unknown")} -> Active | O59: =_xlfn.XLOOKUP(L59, Lookup_Performance!$A$2:$A$6, Lookup_Performance!$C$2:$C$6, "No Score", -1) -> Outstanding | P59: =_xlfn.XLOOKUP(L59, Lookup_Performance!$A$2:$A$6, Lookup_Performance!$D$2:$D$6, 0, -1) -> 0.12 | Q59: =K59*P59 -> 10998.6
A60: EMP061 | B60: Emily | C60: Brown | D60: =IF(AND(ISBLANK(B60), ISBLANK(C60)), "- -", IF(ISBLANK(B60), "- " & TRIM(PROPER(C60)), IF(ISBLANK(C60), TRIM(PROPER(B60)) & " -", _xlfn.TEXTJOIN(" ", TRUE, TRIM(PROPER(B60)), TRIM(PROPER(C60)))))) -> Emily Brown | E60: =_xlfn.XLOOKUP(F60, Lookup_Departments!$A$2:$A$7, Lookup_Departments!$B$2:$B$7, "Unknown") -> Information Technology | F60: =UPPER(TRIM(G60)) -> IT02 | G60: IT02 | H60: =DATEVALUE(TEXT(J60, "dd-mmm-yyyy")) -> 45255 | I60: =DATEDIF(H60, TODAY(), "Y") -> 2 | J60: 45255 | K60: 49435 | L60: 70 | M60: left | N60: {=_xlfn.SWITCH(TRIM(PROPER(M60)), "Active", "Active", "Actv", "Active", "Left", "Left", "Resigned", "Left", "Unknown")} -> Left | O60: =_xlfn.XLOOKUP(L60, Lookup_Performance!$A$2:$A$6, Lookup_Performance!$C$2:$C$6, "No Score", -1) -> Achieving | P60: =_xlfn.XLOOKUP(L60, Lookup_Performance!$A$2:$A$6, Lookup_Performance!$D$2:$D$6, 0, -1) -> 0.05 | Q60: =K60*P60 -> 2471.75
A61: EMP102 | B61: Emily | C61: Wilson | D61: =IF(AND(ISBLANK(B61), ISBLANK(C61)), "- -", IF(ISBLANK(B61), "- " & TRIM(PROPER(C61)), IF(ISBLANK(C61), TRIM(PROPER(B61)) & " -", _xlfn.TEXTJOIN(" ", TRUE, TRIM(PROPER(B61)), TRIM(PROPER(C61)))))) -> Emily Wilson | E61: =_xlfn.XLOOKUP(F61, Lookup_Departments!$A$2:$A$7, Lookup_Departments!$B$2:$B$7, "Unknown") -> Sales | F61: =UPPER(TRIM(G61)) -> SAL05 | G61: sal05 | H61: =DATEVALUE(TEXT(J61, "dd-mmm-yyyy")) -> 45217 | I61: =DATEDIF(H61, TODAY(), "Y") -> 2 | J61: 45217 | K61: 110381 | L61: 93 | M61: Active | N61: {=_xlfn.SWITCH(TRIM(PROPER(M61)), "Active", "Active", "Actv", "Active", "Left", "Left", "Resigned", "Left", "Unknown")} -> Active | O61: =_xlfn.XLOOKUP(L61, Lookup_Performance!$A$2:$A$6, Lookup_Performance!$C$2:$C$6, "No Score", -1) -> Exceeding | P61: =_xlfn.XLOOKUP(L61, Lookup_Performance!$A$2:$A$6, Lookup_Performance!$D$2:$D$6, 0, -1) -> 0.08 | Q61: =K61*P61 -> 8830.48
A62: EMP067 | B62: Michael | C62: Anderson | D62: =IF(AND(ISBLANK(B62), ISBLANK(C62)), "- -", IF(ISBLANK(B62), "- " & TRIM(PROPER(C62)), IF(ISBLANK(C62), TRIM(PROPER(B62)) & " -", _xlfn.TEXTJOIN(" ", TRUE, TRIM(PROPER(B62)), TRIM(PROPER(C62)))))) -> Michael Anderson | E62: =_xlfn.XLOOKUP(F62, Lookup_Departments!$A$2:$A$7, Lookup_Departments!$B$2:$B$7, "Unknown") -> Human Resources | F62: =UPPER(TRIM(G62)) -> HR01 | G62: HR01 | H62: =DATEVALUE(TEXT(J62, "dd-mmm-yyyy")) -> 44079 | I62: =DATEDIF(H62, TODAY(), "Y") -> 5 | J62: 44079 | K62: 114748 | L62: 33 | M62: active | N62: {=_xlfn.SWITCH(TRIM(PROPER(M62)), "Active", "Active", "Actv", "Active", "Left", "Left", "Resigned", "Left", "Unknown")} -> Active | O62: =_xlfn.XLOOKUP(L62, Lookup_Performance!$A$2:$A$6, Lookup_Performance!$C$2:$C$6, "No Score", -1) -> Needs Improvement | P62: =_xlfn.XLOOKUP(L62, Lookup_Performance!$A$2:$A$6, Lookup_Performance!$D$2:$D$6, 0, -1) -> 0 | Q62: =K62*P62 -> 0
A63: EMP017 | B63: Robert | C63: Johnson | D63: =IF(AND(ISBLANK(B63), ISBLANK(C63)), "- -", IF(ISBLANK(B63), "- " & TRIM(PROPER(C63)), IF(ISBLANK(C63), TRIM(PROPER(B63)) & " -", _xlfn.TEXTJOIN(" ", TRUE, TRIM(PROPER(B63)), TRIM(PROPER(C63)))))) -> Robert Johnson | E63: =_xlfn.XLOOKUP(F63, Lookup_Departments!$A$2:$A$7, Lookup_Departments!$B$2:$B$7, "Unknown") -> Operations | F63: =UPPER(TRIM(G63)) -> OPS06 | G63: OPS06 | H63: =DATEVALUE(TEXT(J63, "dd-mmm-yyyy")) -> 42800 | I63: =DATEDIF(H63, TODAY(), "Y") -> 9 | J63: 42800 | K63: 63302 | L63: 91 | M63: active | N63: {=_xlfn.SWITCH(TRIM(PROPER(M63)), "Active", "Active", "Actv", "Active", "Left", "Left", "Resigned", "Left", "Unknown")} -> Active | O63: =_xlfn.XLOOKUP(L63, Lookup_Performance!$A$2:$A$6, Lookup_Performance!$C$2:$C$6, "No Score", -1) -> Exceeding | P63: =_xlfn.XLOOKUP(L63, Lookup_Performance!$A$2:$A$6, Lookup_Performance!$D$2:$D$6, 0, -1) -> 0.08 | Q63: =K63*P63 -> 5064.16
A64: EMP123 | B64: Robert | C64: Miller | D64: =IF(AND(ISBLANK(B64), ISBLANK(C64)), "- -", IF(ISBLANK(B64), "- " & TRIM(PROPER(C64)), IF(ISBLANK(C64), TRIM(PROPER(B64)) & " -", _xlfn.TEXTJOIN(" ", TRUE, TRIM(PROPER(B64)), TRIM(PROPER(C64)))))) -> Robert Miller | E64: =_xlfn.XLOOKUP(F64, Lookup_Departments!$A$2:$A$7, Lookup_Departments!$B$2:$B$7, "Unknown") -> Information Technology | F64: =UPPER(TRIM(G64)) -> IT02 | G64: it02 | H64: =DATEVALUE(TEXT(J64, "dd-mmm-yyyy")) -> 42122 | I64: =DATEDIF(H64, TODAY(), "Y") -> 11 | J64: 42122 | K64: 75519 | L64: 64 | M64: active | N64: {=_xlfn.SWITCH(TRIM(PROPER(M64)), "Active", "Active", "Actv", "Active", "Left", "Left", "Resigned", "Left", "Unknown")} -> Active | O64: =_xlfn.XLOOKUP(L64, Lookup_Performance!$A$2:$A$6, Lookup_Performance!$C$2:$C$6, "No Score", -1) -> Developing | P64: =_xlfn.XLOOKUP(L64, Lookup_Performance!$A$2:$A$6, Lookup_Performance!$D$2:$D$6, 0, -1) -> 0.02 | Q64: =K64*P64 -> 1510.38
A65: EMP011 | B65: Jane | C65: Davis | D65: =IF(AND(ISBLANK(B65), ISBLANK(C65)), "- -", IF(ISBLANK(B65), "- " & TRIM(PROPER(C65)), IF(ISBLANK(C65), TRIM(PROPER(B65)) & " -", _xlfn.TEXTJOIN(" ", TRUE, TRIM(PROPER(B65)), TRIM(PROPER(C65)))))) -> Jane Davis | E65: =_xlfn.XLOOKUP(F65, Lookup_Departments!$A$2:$A$7, Lookup_Departments!$B$2:$B$7, "Unknown") -> Finance | F65: =UPPER(TRIM(G65)) -> FIN03 | G65: FIN03 | H65: =DATEVALUE(TEXT(J65, "dd-mmm-yyyy")) -> 42838 | I65: =DATEDIF(H65, TODAY(), "Y") -> 9 | J65: 42838 | K65: 103891 | L65: 80 | M65: active | N65: {=_xlfn.SWITCH(TRIM(PROPER(M65)), "Active", "Active", "Actv", "Active", "Left", "Left", "Resigned", "Left", "Unknown")} -> Active | O65: =_xlfn.XLOOKUP(L65, Lookup_Performance!$A$2:$A$6, Lookup_Performance!$C$2:$C$6, "No Score", -1) -> Achieving | P65: =_xlfn.XLOOKUP(L65, Lookup_Performance!$A$2:$A$6, Lookup_Performance!$D$2:$D$6, 0, -1) -> 0.05 | Q65: =K65*P65 -> 5194.55
A66: EMP091 | B66: Thomas | C66: Davis | D66: =IF(AND(ISBLANK(B66), ISBLANK(C66)), "- -", IF(ISBLANK(B66), "- " & TRIM(PROPER(C66)), IF(ISBLANK(C66), TRIM(PROPER(B66)) & " -", _xlfn.TEXTJOIN(" ", TRUE, TRIM(PROPER(B66)), TRIM(PROPER(C66)))))) -> Thomas Davis | E66: =_xlfn.XLOOKUP(F66, Lookup_Departments!$A$2:$A$7, Lookup_Departments!$B$2:$B$7, "Unknown") -> Operations | F66: =UPPER(TRIM(G66)) -> OPS06 | G66: OPS06 | H66: =DATEVALUE(TEXT(J66, "dd-mmm-yyyy")) -> 44827 | I66: =DATEDIF(H66, TODAY(), "Y") -> 3 | J66: 44827 | K66: 83604 | L66: 46 | M66: LEFT | N66: {=_xlfn.SWITCH(TRIM(PROPER(M66)), "Active", "Active", "Actv", "Active", "Left", "Left", "Resigned", "Left", "Unknown")} -> Left | O66: =_xlfn.XLOOKUP(L66, Lookup_Performance!$A$2:$A$6, Lookup_Performance!$C$2:$C$6, "No Score", -1) -> Needs Improvement | P66: =_xlfn.XLOOKUP(L66, Lookup_Performance!$A$2:$A$6, Lookup_Performance!$D$2:$D$6, 0, -1) -> 0 | Q66: =K66*P66 -> 0
A67: EMP145 | B67: Thomas | C67: Jones | D67: =IF(AND(ISBLANK(B67), ISBLANK(C67)), "- -", IF(ISBLANK(B67), "- " & TRIM(PROPER(C67)), IF(ISBLANK(C67), TRIM(PROPER(B67)) & " -", _xlfn.TEXTJOIN(" ", TRUE, TRIM(PROPER(B67)), TRIM(PROPER(C67)))))) -> Thomas Jones | E67: =_xlfn.XLOOKUP(F67, Lookup_Departments!$A$2:$A$7, Lookup_Departments!$B$2:$B$7, "Unknown") -> Marketing | F67: =UPPER(TRIM(G67)) -> MKT04 | G67: MKT04 | H67: =DATEVALUE(TEXT(J67, "dd-mmm-yyyy")) -> 42685 | I67: =DATEDIF(H67, TODAY(), "Y") -> 9 | J67: 11/11/2016 | K67: 50936 | L67: 99 | M67: active | N67: {=_xlfn.SWITCH(TRIM(PROPER(M67)), "Active", "Active", "Actv", "Active", "Left", "Left", "Resigned", "Left", "Unknown")} -> Active | O67: =_xlfn.XLOOKUP(L67, Lookup_Performance!$A$2:$A$6, Lookup_Performance!$C$2:$C$6, "No Score", -1) -> Outstanding | P67: =_xlfn.XLOOKUP(L67, Lookup_Performance!$A$2:$A$6, Lookup_Performance!$D$2:$D$6, 0, -1) -> 0.12 | Q67: =K67*P67 -> 6112.32
A68: EMP001 | B68: Michael | C68: Miller | D68: =IF(AND(ISBLANK(B68), ISBLANK(C68)), "- -", IF(ISBLANK(B68), "- " & TRIM(PROPER(C68)), IF(ISBLANK(C68), TRIM(PROPER(B68)) & " -", _xlfn.TEXTJOIN(" ", TRUE, TRIM(PROPER(B68)), TRIM(PROPER(C68)))))) -> Michael Miller | E68: =_xlfn.XLOOKUP(F68, Lookup_Departments!$A$2:$A$7, Lookup_Departments!$B$2:$B$7, "Unknown") -> Sales | F68: =UPPER(TRIM(G68)) -> SAL05 | G68: SAL05 | H68: =DATEVALUE(TEXT(J68, "dd-mmm-yyyy")) -> 42818 | I68: =DATEDIF(H68, TODAY(), "Y") -> 9 | J68: 24-Mar-17 | K68: 111240 | L68: 70 | M68: Actv | N68: {=_xlfn.SWITCH(TRIM(PROPER(M68)), "Active", "Active", "Actv", "Active", "Left", "Left", "Resigned", "Left", "Unknown")} -> Active | O68: =_xlfn.XLOOKUP(L68, Lookup_Performance!$A$2:$A$6, Lookup_Performance!$C$2:$C$6, "No Score", -1) -> Achieving | P68: =_xlfn.XLOOKUP(L68, Lookup_Performance!$A$2:$A$6, Lookup_Performance!$D$2:$D$6, 0, -1) -> 0.05 | Q68: =K68*P68 -> 5562
A69: EMP113 | B69: Richard | C69: Gonzalez | D69: =IF(AND(ISBLANK(B69), ISBLANK(C69)), "- -", IF(ISBLANK(B69), "- " & TRIM(PROPER(C69)), IF(ISBLANK(C69), TRIM(PROPER(B69)) & " -", _xlfn.TEXTJOIN(" ", TRUE, TRIM(PROPER(B69)), TRIM(PROPER(C69)))))) -> Richard Gonzalez | E69: =_xlfn.XLOOKUP(F69, Lookup_Departments!$A$2:$A$7, Lookup_Departments!$B$2:$B$7, "Unknown") -> Human Resources | F69: =UPPER(TRIM(G69)) -> HR01 | G69: HR01 | H69: =DATEVALUE(TEXT(J69, "dd-mmm-yyyy")) -> 43590 | I69: =DATEDIF(H69, TODAY(), "Y") -> 7 | J69: 05-May-19 | K69: 51567 | L69: 87 | M69: Resigned | N69: {=_xlfn.SWITCH(TRIM(PROPER(M69)), "Active", "Active", "Actv", "Active", "Left", "Left", "Resigned", "Left", "Unknown")} -> Left | O69: =_xlfn.XLOOKUP(L69, Lookup_Performance!$A$2:$A$6, Lookup_Performance!$C$2:$C$6, "No Score", -1) -> Exceeding | P69: =_xlfn.XLOOKUP(L69, Lookup_Performance!$A$2:$A$6, Lookup_Performance!$D$2:$D$6, 0, -1) -> 0.08 | Q69: =K69*P69 -> 4125.36
A70: EMP065 | B70: Melissa | C70: Williams | D70: =IF(AND(ISBLANK(B70), ISBLANK(C70)), "- -", IF(ISBLANK(B70), "- " & TRIM(PROPER(C70)), IF(ISBLANK(C70), TRIM(PROPER(B70)) & " -", _xlfn.TEXTJOIN(" ", TRUE, TRIM(PROPER(B70)), TRIM(PROPER(C70)))))) -> Melissa Williams | E70: =_xlfn.XLOOKUP(F70, Lookup_Departments!$A$2:$A$7, Lookup_Departments!$B$2:$B$7, "Unknown") -> Human Resources | F70: =UPPER(TRIM(G70)) -> HR01 | G70: HR01 | H70: =DATEVALUE(TEXT(J70, "dd-mmm-yyyy")) -> 44402 | I70: =DATEDIF(H70, TODAY(), "Y") -> 4 | J70: 44402 | K70: 83604 | L70: 36 | M70: Active | N70: {=_xlfn.SWITCH(TRIM(PROPER(M70)), "Active", "Active", "Actv", "Active", "Left", "Left", "Resigned", "Left", "Unknown")} -> Active | O70: =_xlfn.XLOOKUP(L70, Lookup_Performance!$A$2:$A$6, Lookup_Performance!$C$2:$C$6, "No Score", -1) -> Needs Improvement | P70: =_xlfn.XLOOKUP(L70, Lookup_Performance!$A$2:$A$6, Lookup_Performance!$D$2:$D$6, 0, -1) -> 0 | Q70: =K70*P70 -> 0
A71: EMP045 | B71: Robert | C71: Miller | D71: =IF(AND(ISBLANK(B71), ISBLANK(C71)), "- -", IF(ISBLANK(B71), "- " & TRIM(PROPER(C71)), IF(ISBLANK(C71), TRIM(PROPER(B71)) & " -", _xlfn.TEXTJOIN(" ", TRUE, TRIM(PROPER(B71)), TRIM(PROPER(C71)))))) -> Robert Miller | E71: =_xlfn.XLOOKUP(F71, Lookup_Departments!$A$2:$A$7, Lookup_Departments!$B$2:$B$7, "Unknown") -> Human Resources | F71: =UPPER(TRIM(G71)) -> HR01 | G71: HR01 | H71: =DATEVALUE(TEXT(J71, "dd-mmm-yyyy")) -> 43008 | I71: =DATEDIF(H71, TODAY(), "Y") -> 8 | J71: 43008 | K71: 55270 | L71: 87 | M71: Actv | N71: {=_xlfn.SWITCH(TRIM(PROPER(M71)), "Active", "Active", "Actv", "Active", "Left", "Left", "Resigned", "Left", "Unknown")} -> Active | O71: =_xlfn.XLOOKUP(L71, Lookup_Performance!$A$2:$A$6, Lookup_Performance!$C$2:$C$6, "No Score", -1) -> Exceeding | P71: =_xlfn.XLOOKUP(L71, Lookup_Performance!$A$2:$A$6, Lookup_Performance!$D$2:$D$6, 0, -1) -> 0.08 | Q71: =K71*P71 -> 4421.6
A72: EMP083 | B72: William | C72: Garcia | D72: =IF(AND(ISBLANK(B72), ISBLANK(C72)), "- -", IF(ISBLANK(B72), "- " & TRIM(PROPER(C72)), IF(ISBLANK(C72), TRIM(PROPER(B72)) & " -", _xlfn.TEXTJOIN(" ", TRUE, TRIM(PROPER(B72)), TRIM(PROPER(C72)))))) -> William Garcia | E72: =_xlfn.XLOOKUP(F72, Lookup_Departments!$A$2:$A$7, Lookup_Departments!$B$2:$B$7, "Unknown") -> Sales | F72: =UPPER(TRIM(G72)) -> SAL05 | G72: SAL05 | H72: =DATEVALUE(TEXT(J72, "dd-mmm-yyyy")) -> 42192 | I72: =DATEDIF(H72, TODAY(), "Y") -> 10 | J72: 42192 | K72: 65235 | L72: 97 | M72: ACTIVE | N72: {=_xlfn.SWITCH(TRIM(PROPER(M72)), "Active", "Active", "Actv", "Active", "Left", "Left", "Resigned", "Left", "Unknown")} -> Active | O72: =_xlfn.XLOOKUP(L72, Lookup_Performance!$A$2:$A$6, Lookup_Performance!$C$2:$C$6, "No Score", -1) -> Outstanding | P72: =_xlfn.XLOOKUP(L72, Lookup_Performance!$A$2:$A$6, Lookup_Performance!$D$2:$D$6, 0, -1) -> 0.12 | Q72: =K72*P72 -> 7828.2
A73: EMP029 | B73: John | C73: Gonzalez | D73: =IF(AND(ISBLANK(B73), ISBLANK(C73)), "- -", IF(ISBLANK(B73), "- " & TRIM(PROPER(C73)), IF(ISBLANK(C73), TRIM(PROPER(B73)) & " -", _xlfn.TEXTJOIN(" ", TRUE, TRIM(PROPER(B73)), TRIM(PROPER(C73)))))) -> John Gonzalez | E73: =_xlfn.XLOOKUP(F73, Lookup_Departments!$A$2:$A$7, Lookup_Departments!$B$2:$B$7, "Unknown") -> Sales | F73: =UPPER(TRIM(G73)) -> SAL05 | G73: SAL05 | H73: =DATEVALUE(TEXT(J73, "dd-mmm-yyyy")) -> 43283 | I73: =DATEDIF(H73, TODAY(), "Y") -> 8 | J73: 43283 | K73: 83604 | L73: 72 | M73: LEFT | N73: {=_xlfn.SWITCH(TRIM(PROPER(M73)), "Active", "Active", "Actv", "Active", "Left", "Left", "Resigned", "Left", "Unknown")} -> Left | O73: =_xlfn.XLOOKUP(L73, Lookup_Performance!$A$2:$A$6, Lookup_Performance!$C$2:$C$6, "No Score", -1) -> Achieving | P73: =_xlfn.XLOOKUP(L73, Lookup_Performance!$A$2:$A$6, Lookup_Performance!$D$2:$D$6, 0, -1) -> 0.05 | Q73: =K73*P73 -> 4180.2
A74: EMP041 | B74: James | C74: Gonzalez | D74: =IF(AND(ISBLANK(B74), ISBLANK(C74)), "- -", IF(ISBLANK(B74), "- " & TRIM(PROPER(C74)), IF(ISBLANK(C74), TRIM(PROPER(B74)) & " -", _xlfn.TEXTJOIN(" ", TRUE, TRIM(PROPER(B74)), TRIM(PROPER(C74)))))) -> James Gonzalez | E74: =_xlfn.XLOOKUP(F74, Lookup_Departments!$A$2:$A$7, Lookup_Departments!$B$2:$B$7, "Unknown") -> Sales | F74: =UPPER(TRIM(G74)) -> SAL05 | G74: sal05 | H74: =DATEVALUE(TEXT(J74, "dd-mmm-yyyy")) -> 44819 | I74: =DATEDIF(H74, TODAY(), "Y") -> 3 | J74: 44819 | K74: 83604 | L74: 65 | M74: LEFT | N74: {=_xlfn.SWITCH(TRIM(PROPER(M74)), "Active", "Active", "Actv", "Active", "Left", "Left", "Resigned", "Left", "Unknown")} -> Left | O74: =_xlfn.XLOOKUP(L74, Lookup_Performance!$A$2:$A$6, Lookup_Performance!$C$2:$C$6, "No Score", -1) -> Developing | P74: =_xlfn.XLOOKUP(L74, Lookup_Performance!$A$2:$A$6, Lookup_Performance!$D$2:$D$6, 0, -1) -> 0.02 | Q74: =K74*P74 -> 1672.08
A75: EMP026 | B75: Jane | C75: Gonzalez | D75: =IF(AND(ISBLANK(B75), ISBLANK(C75)), "- -", IF(ISBLANK(B75), "- " & TRIM(PROPER(C75)), IF(ISBLANK(C75), TRIM(PROPER(B75)) & " -", _xlfn.TEXTJOIN(" ", TRUE, TRIM(PROPER(B75)), TRIM(PROPER(C75)))))) -> Jane Gonzalez | E75: =_xlfn.XLOOKUP(F75, Lookup_Departments!$A$2:$A$7, Lookup_Departments!$B$2:$B$7, "Unknown") -> Sales | F75: =UPPER(TRIM(G75)) -> SAL05 | G75: SAL05 | H75: =DATEVALUE(TEXT(J75, "dd-mmm-yyyy")) -> 42249 | I75: =DATEDIF(H75, TODAY(), "Y") -> 10 | J75: 42249 | K75: 83604 | L75: 67 | M75: Actv | N75: {=_xlfn.SWITCH(TRIM(PROPER(M75)), "Active", "Active", "Actv", "Active", "Left", "Left", "Resigned", "Left", "Unknown")} -> Active | O75: =_xlfn.XLOOKUP(L75, Lookup_Performance!$A$2:$A$6, Lookup_Performance!$C$2:$C$6, "No Score", -1) -> Developing | P75: =_xlfn.XLOOKUP(L75, Lookup_Performance!$A$2:$A$6, Lookup_Performance!$D$2:$D$6, 0, -1) -> 0.02 | Q75: =K75*P75 -> 1672.08
A76: EMP024 | B76: David | C76: Wilson | D76: =IF(AND(ISBLANK(B76), ISBLANK(C76)), "- -", IF(ISBLANK(B76), "- " & TRIM(PROPER(C76)), IF(ISBLANK(C76), TRIM(PROPER(B76)) & " -", _xlfn.TEXTJOIN(" ", TRUE, TRIM(PROPER(B76)), TRIM(PROPER(C76)))))) -> David Wilson | E76: =_xlfn.XLOOKUP(F76, Lookup_Departments!$A$2:$A$7, Lookup_Departments!$B$2:$B$7, "Unknown") -> Operations | F76: =UPPER(TRIM(G76)) -> OPS06 | G76: ops06 | H76: =DATEVALUE(TEXT(J76, "dd-mmm-yyyy")) -> 42654 | I76: =DATEDIF(H76, TODAY(), "Y") -> 9 | J76: 11-Oct-16 | K76: 48823 | L76: 34 | M76: ACTIVE | N76: {=_xlfn.SWITCH(TRIM(PROPER(M76)), "Active", "Active", "Actv", "Active", "Left", "Left", "Resigned", "Left", "Unknown")} -> Active | O76: =_xlfn.XLOOKUP(L76, Lookup_Performance!$A$2:$A$6, Lookup_Performance!$C$2:$C$6, "No Score", -1) -> Needs Improvement | P76: =_xlfn.XLOOKUP(L76, Lookup_Performance!$A$2:$A$6, Lookup_Performance!$D$2:$D$6, 0, -1) -> 0 | Q76: =K76*P76 -> 0
A77: EMP111 | B77: Jane | C77: Gonzalez | D77: =IF(AND(ISBLANK(B77), ISBLANK(C77)), "- -", IF(ISBLANK(B77), "- " & TRIM(PROPER(C77)), IF(ISBLANK(C77), TRIM(PROPER(B77)) & " -", _xlfn.TEXTJOIN(" ", TRUE, TRIM(PROPER(B77)), TRIM(PROPER(C77)))))) -> Jane Gonzalez | E77: =_xlfn.XLOOKUP(F77, Lookup_Departments!$A$2:$A$7, Lookup_Departments!$B$2:$B$7, "Unknown") -> Finance | F77: =UPPER(TRIM(G77)) -> FIN03 | G77: FIN03 | H77: =DATEVALUE(TEXT(J77, "dd-mmm-yyyy")) -> 43575 | I77: =DATEDIF(H77, TODAY(), "Y") -> 7 | J77: 43575 | K77: 45196 | L77: 78 | M77: LEFT | N77: {=_xlfn.SWITCH(TRIM(PROPER(M77)), "Active", "Active", "Actv", "Active", "Left", "Left", "Resigned", "Left", "Unknown")} -> Left | O77: =_xlfn.XLOOKUP(L77, Lookup_Performance!$A$2:$A$6, Lookup_Performance!$C$2:$C$6, "No Score", -1) -> Achieving | P77: =_xlfn.XLOOKUP(L77, Lookup_Performance!$A$2:$A$6, Lookup_Performance!$D$2:$D$6, 0, -1) -> 0.05 | Q77: =K77*P77 -> 2259.8
A78: EMP040 | B78: Jane | C78: Rodriguez | D78: =IF(AND(ISBLANK(B78), ISBLANK(C78)), "- -", IF(ISBLANK(B78), "- " & TRIM(PROPER(C78)), IF(ISBLANK(C78), TRIM(PROPER(B78)) & " -", _xlfn.TEXTJOIN(" ", TRUE, TRIM(PROPER(B78)), TRIM(PROPER(C78)))))) -> Jane Rodriguez | E78: =_xlfn.XLOOKUP(F78, Lookup_Departments!$A$2:$A$7, Lookup_Departments!$B$2:$B$7, "Unknown") -> Information Technology | F78: =UPPER(TRIM(G78)) -> IT02 | G78: IT02 | H78: =DATEVALUE(TEXT(J78, "dd-mmm-yyyy")) -> 42785 | I78: =DATEDIF(H78, TODAY(), "Y") -> 9 | J78: 02/19/2017 | K78: 86246 | L78: 61 | M78: Actv | N78: {=_xlfn.SWITCH(TRIM(PROPER(M78)), "Active", "Active", "Actv", "Active", "Left", "Left", "Resigned", "Left", "Unknown")} -> Active | O78: =_xlfn.XLOOKUP(L78, Lookup_Performance!$A$2:$A$6, Lookup_Performance!$C$2:$C$6, "No Score", -1) -> Developing | P78: =_xlfn.XLOOKUP(L78, Lookup_Performance!$A$2:$A$6, Lookup_Performance!$D$2:$D$6, 0, -1) -> 0.02 | Q78: =K78*P78 -> 1724.92
A79: EMP086 | B79: Emily | C79: Miller | D79: =IF(AND(ISBLANK(B79), ISBLANK(C79)), "- -", IF(ISBLANK(B79), "- " & TRIM(PROPER(C79)), IF(ISBLANK(C79), TRIM(PROPER(B79)) & " -", _xlfn.TEXTJOIN(" ", TRUE, TRIM(PROPER(B79)), TRIM(PROPER(C79)))))) -> Emily Miller | E79: =_xlfn.XLOOKUP(F79, Lookup_Departments!$A$2:$A$7, Lookup_Departments!$B$2:$B$7, "Unknown") -> Sales | F79: =UPPER(TRIM(G79)) -> SAL05 | G79: SAL05 | H79: =DATEVALUE(TEXT(J79, "dd-mmm-yyyy")) -> 44446 | I79: =DATEDIF(H79, TODAY(), "Y") -> 4 | J79: 09/07/2021 | K79: 70359 | L79: 74 | M79: Left | N79: {=_xlfn.SWITCH(TRIM(PROPER(M79)), "Active", "Active", "Actv", "Active", "Left", "Left", "Resigned", "Left", "Unknown")} -> Left | O79: =_xlfn.XLOOKUP(L79, Lookup_Performance!$A$2:$A$6, Lookup_Performance!$C$2:$C$6, "No Score", -1) -> Achieving | P79: =_xlfn.XLOOKUP(L79, Lookup_Performance!$A$2:$A$6, Lookup_Performance!$D$2:$D$6, 0, -1) -> 0.05 | Q79: =K79*P79 -> 3517.95
A80: EMP124 | B80: Sarah | C80: Miller | D80: =IF(AND(ISBLANK(B80), ISBLANK(C80)), "- -", IF(ISBLANK(B80), "- " & TRIM(PROPER(C80)), IF(ISBLANK(C80), TRIM(PROPER(B80)) & " -", _xlfn.TEXTJOIN(" ", TRUE, TRIM(PROPER(B80)), TRIM(PROPER(C80)))))) -> Sarah Miller | E80: =_xlfn.XLOOKUP(F80, Lookup_Departments!$A$2:$A$7, Lookup_Departments!$B$2:$B$7, "Unknown") -> Marketing | F80: =UPPER(TRIM(G80)) -> MKT04 | G80: MKT04 | H80: =DATEVALUE(TEXT(J80, "dd-mmm-yyyy")) -> 43599 | I80: =DATEDIF(H80, TODAY(), "Y") -> 7 | J80: 43599 | K80: 83604 | L80: 94 | M80: ACTIVE | N80: {=_xlfn.SWITCH(TRIM(PROPER(M80)), "Active", "Active", "Actv", "Active", "Left", "Left", "Resigned", "Left", "Unknown")} -> Active | O80: =_xlfn.XLOOKUP(L80, Lookup_Performance!$A$2:$A$6, Lookup_Performance!$C$2:$C$6, "No Score", -1) -> Exceeding | P80: =_xlfn.XLOOKUP(L80, Lookup_Performance!$A$2:$A$6, Lookup_Performance!$D$2:$D$6, 0, -1) -> 0.08 | Q80: =K80*P80 -> 6688.32
A81: EMP132 | B81: Jessica | C81: Garcia | D81: =IF(AND(ISBLANK(B81), ISBLANK(C81)), "- -", IF(ISBLANK(B81), "- " & TRIM(PROPER(C81)), IF(ISBLANK(C81), TRIM(PROPER(B81)) & " -", _xlfn.TEXTJOIN(" ", TRUE, TRIM(PROPER(B81)), TRIM(PROPER(C81)))))) -> Jessica Garcia | E81: =_xlfn.XLOOKUP(F81, Lookup_Departments!$A$2:$A$7, Lookup_Departments!$B$2:$B$7, "Unknown") -> Operations | F81: =UPPER(TRIM(G81)) -> OPS06 | G81: OPS06 | H81: =DATEVALUE(TEXT(J81, "dd-mmm-yyyy")) -> 42330 | I81: =DATEDIF(H81, TODAY(), "Y") -> 10 | J81: 42330 | K81: 86480 | L81: 70 | M81: ACTIVE | N81: {=_xlfn.SWITCH(TRIM(PROPER(M81)), "Active", "Active", "Actv", "Active", "Left", "Left", "Resigned", "Left", "Unknown")} -> Active | O81: =_xlfn.XLOOKUP(L81, Lookup_Performance!$A$2:$A$6, Lookup_Performance!$C$2:$C$6, "No Score", -1) -> Achieving | P81: =_xlfn.XLOOKUP(L81, Lookup_Performance!$A$2:$A$6, Lookup_Performance!$D$2:$D$6, 0, -1) -> 0.05 | Q81: =K81*P81 -> 4324
A82: EMP048 | B82: Richard | C82: Smith | D82: =IF(AND(ISBLANK(B82), ISBLANK(C82)), "- -", IF(ISBLANK(B82), "- " & TRIM(PROPER(C82)), IF(ISBLANK(C82), TRIM(PROPER(B82)) & " -", _xlfn.TEXTJOIN(" ", TRUE, TRIM(PROPER(B82)), TRIM(PROPER(C82)))))) -> Richard Smith | E82: =_xlfn.XLOOKUP(F82, Lookup_Departments!$A$2:$A$7, Lookup_Departments!$B$2:$B$7, "Unknown") -> Human Resources | F82: =UPPER(TRIM(G82)) -> HR01 | G82: hr01 | H82: =DATEVALUE(TEXT(J82, "dd-mmm-yyyy")) -> 43372 | I82: =DATEDIF(H82, TODAY(), "Y") -> 7 | J82: 09/29/2018 | K82: 47694 | L82: 75 | M82: ACTIVE | N82: {=_xlfn.SWITCH(TRIM(PROPER(M82)), "Active", "Active", "Actv", "Active", "Left", "Left", "Resigned", "Left", "Unknown")} -> Active | O82: =_xlfn.XLOOKUP(L82, Lookup_Performance!$A$2:$A$6, Lookup_Performance!$C$2:$C$6, "No Score", -1) -> Achieving | P82: =_xlfn.XLOOKUP(L82, Lookup_Performance!$A$2:$A$6, Lookup_Performance!$D$2:$D$6, 0, -1) -> 0.05 | Q82: =K82*P82 -> 2384.7
A83: EMP114 | B83: Melissa | C83: Wilson | D83: =IF(AND(ISBLANK(B83), ISBLANK(C83)), "- -", IF(ISBLANK(B83), "- " & TRIM(PROPER(C83)), IF(ISBLANK(C83), TRIM(PROPER(B83)) & " -", _xlfn.TEXTJOIN(" ", TRUE, TRIM(PROPER(B83)), TRIM(PROPER(C83)))))) -> Melissa Wilson | E83: =_xlfn.XLOOKUP(F83, Lookup_Departments!$A$2:$A$7, Lookup_Departments!$B$2:$B$7, "Unknown") -> Information Technology | F83: =UPPER(TRIM(G83)) -> IT02 | G83: IT02 | H83: =DATEVALUE(TEXT(J83, "dd-mmm-yyyy")) -> 45171 | I83: =DATEDIF(H83, TODAY(), "Y") -> 2 | J83: 45171 | K83: 83724 | L83: 81 | M83: Resigned | N83: {=_xlfn.SWITCH(TRIM(PROPER(M83)), "Active", "Active", "Actv", "Active", "Left", "Left", "Resigned", "Left", "Unknown")} -> Left | O83: =_xlfn.XLOOKUP(L83, Lookup_Performance!$A$2:$A$6, Lookup_Performance!$C$2:$C$6, "No Score", -1) -> Achieving | P83: =_xlfn.XLOOKUP(L83, Lookup_Performance!$A$2:$A$6, Lookup_Performance!$D$2:$D$6, 0, -1) -> 0.05 | Q83: =K83*P83 -> 4186.2
A84: EMP062 | B84: Thomas | C84: Williams | D84: =IF(AND(ISBLANK(B84), ISBLANK(C84)), "- -", IF(ISBLANK(B84), "- " & TRIM(PROPER(C84)), IF(ISBLANK(C84), TRIM(PROPER(B84)) & " -", _xlfn.TEXTJOIN(" ", TRUE, TRIM(PROPER(B84)), TRIM(PROPER(C84)))))) -> Thomas Williams | E84: =_xlfn.XLOOKUP(F84, Lookup_Departments!$A$2:$A$7, Lookup_Departments!$B$2:$B$7, "Unknown") -> Finance | F84: =UPPER(TRIM(G84)) -> FIN03 | G84: FIN03 | H84: =DATEVALUE(TEXT(J84, "dd-mmm-yyyy")) -> 44759 | I84: =DATEDIF(H84, TODAY(), "Y") -> 3 | J84: 44759 | K84: 98299 | L84: 61 | M84: Actv | N84: {=_xlfn.SWITCH(TRIM(PROPER(M84)), "Active", "Active", "Actv", "Active", "Left", "Left", "Resigned", "Left", "Unknown")} -> Active | O84: =_xlfn.XLOOKUP(L84, Lookup_Performance!$A$2:$A$6, Lookup_Performance!$C$2:$C$6, "No Score", -1) -> Developing | P84: =_xlfn.XLOOKUP(L84, Lookup_Performance!$A$2:$A$6, Lookup_Performance!$D$2:$D$6, 0, -1) -> 0.02 | Q84: =K84*P84 -> 1965.98
A85: EMP074 | B85: David | C85: Williams | D85: =IF(AND(ISBLANK(B85), ISBLANK(C85)), "- -", IF(ISBLANK(B85), "- " & TRIM(PROPER(C85)), IF(ISBLANK(C85), TRIM(PROPER(B85)) & " -", _xlfn.TEXTJOIN(" ", TRUE, TRIM(PROPER(B85)), TRIM(PROPER(C85)))))) -> David Williams | E85: =_xlfn.XLOOKUP(F85, Lookup_Departments!$A$2:$A$7, Lookup_Departments!$B$2:$B$7, "Unknown") -> Finance | F85: =UPPER(TRIM(G85)) -> FIN03 | G85: FIN03 | H85: =DATEVALUE(TEXT(J85, "dd-mmm-yyyy")) -> 44234 | I85: =DATEDIF(H85, TODAY(), "Y") -> 5 | J85: 07-Feb-21 | K85: 83604 | L85: 68 | M85: Actv | N85: {=_xlfn.SWITCH(TRIM(PROPER(M85)), "Active", "Active", "Actv", "Active", "Left", "Left", "Resigned", "Left", "Unknown")} -> Active | O85: =_xlfn.XLOOKUP(L85, Lookup_Performance!$A$2:$A$6, Lookup_Performance!$C$2:$C$6, "No Score", -1) -> Developing | P85: =_xlfn.XLOOKUP(L85, Lookup_Performance!$A$2:$A$6, Lookup_Performance!$D$2:$D$6, 0, -1) -> 0.02 | Q85: =K85*P85 -> 1672.08
A86: EMP034 | B86: John | C86: Johnson | D86: =IF(AND(ISBLANK(B86), ISBLANK(C86)), "- -", IF(ISBLANK(B86), "- " & TRIM(PROPER(C86)), IF(ISBLANK(C86), TRIM(PROPER(B86)) & " -", _xlfn.TEXTJOIN(" ", TRUE, TRIM(PROPER(B86)), TRIM(PROPER(C86)))))) -> John Johnson | E86: =_xlfn.XLOOKUP(F86, Lookup_Departments!$A$2:$A$7, Lookup_Departments!$B$2:$B$7, "Unknown") -> Information Technology | F86: =UPPER(TRIM(G86)) -> IT02 | G86: it02 | H86: =DATEVALUE(TEXT(J86, "dd-mmm-yyyy")) -> 45203 | I86: =DATEDIF(H86, TODAY(), "Y") -> 2 | J86: 10/04/2023 | K86: 52287 | L86: 70 | M86: active | N86: {=_xlfn.SWITCH(TRIM(PROPER(M86)), "Active", "Active", "Actv", "Active", "Left", "Left", "Resigned", "Left", "Unknown")} -> Active | O86: =_xlfn.XLOOKUP(L86, Lookup_Performance!$A$2:$A$6, Lookup_Performance!$C$2:$C$6, "No Score", -1) -> Achieving | P86: =_xlfn.XLOOKUP(L86, Lookup_Performance!$A$2:$A$6, Lookup_Performance!$D$2:$D$6, 0, -1) -> 0.05 | Q86: =K86*P86 -> 2614.35
A87: EMP105 | B87: Richard | C87: Gonzalez | D87: =IF(AND(ISBLANK(B87), ISBLANK(C87)), "- -", IF(ISBLANK(B87), "- " & TRIM(PROPER(C87)), IF(ISBLANK(C87), TRIM(PROPER(B87)) & " -", _xlfn.TEXTJOIN(" ", TRUE, TRIM(PROPER(B87)), TRIM(PROPER(C87)))))) -> Richard Gonzalez | E87: =_xlfn.XLOOKUP(F87, Lookup_Departments!$A$2:$A$7, Lookup_Departments!$B$2:$B$7, "Unknown") -> Information Technology | F87: =UPPER(TRIM(G87)) -> IT02 | G87: IT02 | H87: =DATEVALUE(TEXT(J87, "dd-mmm-yyyy")) -> 44073 | I87: =DATEDIF(H87, TODAY(), "Y") -> 5 | J87: 44073 | K87: 82633 | L87: 98 | M87: ACTIVE | N87: {=_xlfn.SWITCH(TRIM(PROPER(M87)), "Active", "Active", "Actv", "Active", "Left", "Left", "Resigned", "Left", "Unknown")} -> Active | O87: =_xlfn.XLOOKUP(L87, Lookup_Performance!$A$2:$A$6, Lookup_Performance!$C$2:$C$6, "No Score", -1) -> Outstanding | P87: =_xlfn.XLOOKUP(L87, Lookup_Performance!$A$2:$A$6, Lookup_Performance!$D$2:$D$6, 0, -1) -> 0.12 | Q87: =K87*P87 -> 9915.96
A88: EMP118 | B88: Melissa | C88: Anderson | D88: =IF(AND(ISBLANK(B88), ISBLANK(C88)), "- -", IF(ISBLANK(B88), "- " & TRIM(PROPER(C88)), IF(ISBLANK(C88), TRIM(PROPER(B88)) & " -", _xlfn.TEXTJOIN(" ", TRUE, TRIM(PROPER(B88)), TRIM(PROPER(C88)))))) -> Melissa Anderson | E88: =_xlfn.XLOOKUP(F88, Lookup_Departments!$A$2:$A$7, Lookup_Departments!$B$2:$B$7, "Unknown") -> Operations | F88: =UPPER(TRIM(G88)) -> OPS06 | G88: OPS06 | H88: =DATEVALUE(TEXT(J88, "dd-mmm-yyyy")) -> 44422 | I88: =DATEDIF(H88, TODAY(), "Y") -> 4 | J88: 44422 | K88: 46508 | L88: 34 | M88: Active | N88: {=_xlfn.SWITCH(TRIM(PROPER(M88)), "Active", "Active", "Actv", "Active", "Left", "Left", "Resigned", "Left", "Unknown")} -> Active | O88: =_xlfn.XLOOKUP(L88, Lookup_Performance!$A$2:$A$6, Lookup_Performance!$C$2:$C$6, "No Score", -1) -> Needs Improvement | P88: =_xlfn.XLOOKUP(L88, Lookup_Performance!$A$2:$A$6, Lookup_Performance!$D$2:$D$6, 0, -1) -> 0 | Q88: =K88*P88 -> 0
A89: EMP063 | B89: Emily | C89: Gonzalez | D89: =IF(AND(ISBLANK(B89), ISBLANK(C89)), "- -", IF(ISBLANK(B89), "- " & TRIM(PROPER(C89)), IF(ISBLANK(C89), TRIM(PROPER(B89)) & " -", _xlfn.TEXTJOIN(" ", TRUE, TRIM(PROPER(B89)), TRIM(PROPER(C89)))))) -> Emily Gonzalez | E89: =_xlfn.XLOOKUP(F89, Lookup_Departments!$A$2:$A$7, Lookup_Departments!$B$2:$B$7, "Unknown") -> Human Resources | F89: =UPPER(TRIM(G89)) -> HR01 | G89: hr01 | H89: =DATEVALUE(TEXT(J89, "dd-mmm-yyyy")) -> 43796 | I89: =DATEDIF(H89, TODAY(), "Y") -> 6 | J89: 27-Nov-19 | K89: 86232 | L89: 93 | M89: Active | N89: {=_xlfn.SWITCH(TRIM(PROPER(M89)), "Active", "Active", "Actv", "Active", "Left", "Left", "Resigned", "Left", "Unknown")} -> Active | O89: =_xlfn.XLOOKUP(L89, Lookup_Performance!$A$2:$A$6, Lookup_Performance!$C$2:$C$6, "No Score", -1) -> Exceeding | P89: =_xlfn.XLOOKUP(L89, Lookup_Performance!$A$2:$A$6, Lookup_Performance!$D$2:$D$6, 0, -1) -> 0.08 | Q89: =K89*P89 -> 6898.56
A90: EMP094 | B90: Jane | C90: Davis | D90: =IF(AND(ISBLANK(B90), ISBLANK(C90)), "- -", IF(ISBLANK(B90), "- " & TRIM(PROPER(C90)), IF(ISBLANK(C90), TRIM(PROPER(B90)) & " -", _xlfn.TEXTJOIN(" ", TRUE, TRIM(PROPER(B90)), TRIM(PROPER(C90)))))) -> Jane Davis | E90: =_xlfn.XLOOKUP(F90, Lookup_Departments!$A$2:$A$7, Lookup_Departments!$B$2:$B$7, "Unknown") -> Information Technology | F90: =UPPER(TRIM(G90)) -> IT02 | G90: it02 | H90: =DATEVALUE(TEXT(J90, "dd-mmm-yyyy")) -> 42880 | I90: =DATEDIF(H90, TODAY(), "Y") -> 9 | J90: 25-May-17 | K90: 77545 | L90: 48 | M90: Active | N90: {=_xlfn.SWITCH(TRIM(PROPER(M90)), "Active", "Active", "Actv", "Active", "Left", "Left", "Resigned", "Left", "Unknown")} -> Active | O90: =_xlfn.XLOOKUP(L90, Lookup_Performance!$A$2:$A$6, Lookup_Performance!$C$2:$C$6, "No Score", -1) -> Needs Improvement | P90: =_xlfn.XLOOKUP(L90, Lookup_Performance!$A$2:$A$6, Lookup_Performance!$D$2:$D$6, 0, -1) -> 0 | Q90: =K90*P90 -> 0
A91: EMP097 | B91: William | C91: Gonzalez | D91: =IF(AND(ISBLANK(B91), ISBLANK(C91)), "- -", IF(ISBLANK(B91), "- " & TRIM(PROPER(C91)), IF(ISBLANK(C91), TRIM(PROPER(B91)) & " -", _xlfn.TEXTJOIN(" ", TRUE, TRIM(PROPER(B91)), TRIM(PROPER(C91)))))) -> William Gonzalez | E91: =_xlfn.XLOOKUP(F91, Lookup_Departments!$A$2:$A$7, Lookup_Departments!$B$2:$B$7, "Unknown") -> Operations | F91: =UPPER(TRIM(G91)) -> OPS06 | G91: OPS06 | H91: =DATEVALUE(TEXT(J91, "dd-mmm-yyyy")) -> 43436 | I91: =DATEDIF(H91, TODAY(), "Y") -> 7 | J91: 43436 | K91: 68683 | L91: 90 | M91: Actv | N91: {=_xlfn.SWITCH(TRIM(PROPER(M91)), "Active", "Active", "Actv", "Active", "Left", "Left", "Resigned", "Left", "Unknown")} -> Active | O91: =_xlfn.XLOOKUP(L91, Lookup_Performance!$A$2:$A$6, Lookup_Performance!$C$2:$C$6, "No Score", -1) -> Exceeding | P91: =_xlfn.XLOOKUP(L91, Lookup_Performance!$A$2:$A$6, Lookup_Performance!$D$2:$D$6, 0, -1) -> 0.08 | Q91: =K91*P91 -> 5494.64
A92: EMP054 | B92: Thomas | C92: Jones | D92: =IF(AND(ISBLANK(B92), ISBLANK(C92)), "- -", IF(ISBLANK(B92), "- " & TRIM(PROPER(C92)), IF(ISBLANK(C92), TRIM(PROPER(B92)) & " -", _xlfn.TEXTJOIN(" ", TRUE, TRIM(PROPER(B92)), TRIM(PROPER(C92)))))) -> Thomas Jones | E92: =_xlfn.XLOOKUP(F92, Lookup_Departments!$A$2:$A$7, Lookup_Departments!$B$2:$B$7, "Unknown") -> Finance | F92: =UPPER(TRIM(G92)) -> FIN03 | G92: FIN03 | H92: =DATEVALUE(TEXT(J92, "dd-mmm-yyyy")) -> 43639 | I92: =DATEDIF(H92, TODAY(), "Y") -> 7 | J92: 43639 | K92: 83932 | L92: 57 | M92: LEFT | N92: {=_xlfn.SWITCH(TRIM(PROPER(M92)), "Active", "Active", "Actv", "Active", "Left", "Left", "Resigned", "Left", "Unknown")} -> Left | O92: =_xlfn.XLOOKUP(L92, Lookup_Performance!$A$2:$A$6, Lookup_Performance!$C$2:$C$6, "No Score", -1) -> Developing | P92: =_xlfn.XLOOKUP(L92, Lookup_Performance!$A$2:$A$6, Lookup_Performance!$D$2:$D$6, 0, -1) -> 0.02 | Q92: =K92*P92 -> 1678.64
A93: EMP006 | B93: Jessica | C93: Anderson | D93: =IF(AND(ISBLANK(B93), ISBLANK(C93)), "- -", IF(ISBLANK(B93), "- " & TRIM(PROPER(C93)), IF(ISBLANK(C93), TRIM(PROPER(B93)) & " -", _xlfn.TEXTJOIN(" ", TRUE, TRIM(PROPER(B93)), TRIM(PROPER(C93)))))) -> Jessica Anderson | E93: =_xlfn.XLOOKUP(F93, Lookup_Departments!$A$2:$A$7, Lookup_Departments!$B$2:$B$7, "Unknown") -> Human Resources | F93: =UPPER(TRIM(G93)) -> HR01 | G93: HR01 | H93: =DATEVALUE(TEXT(J93, "dd-mmm-yyyy")) -> 42304 | I93: =DATEDIF(H93, TODAY(), "Y") -> 10 | J93: 42304 | K93: 56073 | L93: 79 | M93: Active | N93: {=_xlfn.SWITCH(TRIM(PROPER(M93)), "Active", "Active", "Actv", "Active", "Left", "Left", "Resigned", "Left", "Unknown")} -> Active | O93: =_xlfn.XLOOKUP(L93, Lookup_Performance!$A$2:$A$6, Lookup_Performance!$C$2:$C$6, "No Score", -1) -> Achieving | P93: =_xlfn.XLOOKUP(L93, Lookup_Performance!$A$2:$A$6, Lookup_Performance!$D$2:$D$6, 0, -1) -> 0.05 | Q93: =K93*P93 -> 2803.65
A94: EMP110 | B94: Melissa | C94: Johnson | D94: =IF(AND(ISBLANK(B94), ISBLANK(C94)), "- -", IF(ISBLANK(B94), "- " & TRIM(PROPER(C94)), IF(ISBLANK(C94), TRIM(PROPER(B94)) & " -", _xlfn.TEXTJOIN(" ", TRUE, TRIM(PROPER(B94)), TRIM(PROPER(C94)))))) -> Melissa Johnson | E94: =_xlfn.XLOOKUP(F94, Lookup_Departments!$A$2:$A$7, Lookup_Departments!$B$2:$B$7, "Unknown") -> Information Technology | F94: =UPPER(TRIM(G94)) -> IT02 | G94: IT02 | H94: =DATEVALUE(TEXT(J94, "dd-mmm-yyyy")) -> 43270 | I94: =DATEDIF(H94, TODAY(), "Y") -> 8 | J94: 43270 | K94: 88056 | L94: 66 | M94: Actv | N94: {=_xlfn.SWITCH(TRIM(PROPER(M94)), "Active", "Active", "Actv", "Active", "Left", "Left", "Resigned", "Left", "Unknown")} -> Active | O94: =_xlfn.XLOOKUP(L94, Lookup_Performance!$A$2:$A$6, Lookup_Performance!$C$2:$C$6, "No Score", -1) -> Developing | P94: =_xlfn.XLOOKUP(L94, Lookup_Performance!$A$2:$A$6, Lookup_Performance!$D$2:$D$6, 0, -1) -> 0.02 | Q94: =K94*P94 -> 1761.12
A95: EMP147 | B95: Thomas | C95: Miller | D95: =IF(AND(ISBLANK(B95), ISBLANK(C95)), "- -", IF(ISBLANK(B95), "- " & TRIM(PROPER(C95)), IF(ISBLANK(C95), TRIM(PROPER(B95)) & " -", _xlfn.TEXTJOIN(" ", TRUE, TRIM(PROPER(B95)), TRIM(PROPER(C95)))))) -> Thomas Miller | E95: =_xlfn.XLOOKUP(F95, Lookup_Departments!$A$2:$A$7, Lookup_Departments!$B$2:$B$7, "Unknown") -> Operations | F95: =UPPER(TRIM(G95)) -> OPS06 | G95: ops06 | H95: =DATEVALUE(TEXT(J95, "dd-mmm-yyyy")) -> 43112 | I95: =DATEDIF(H95, TODAY(), "Y") -> 8 | J95: 43112 | K95: 67414 | L95: 84 | M95: Left | N95: {=_xlfn.SWITCH(TRIM(PROPER(M95)), "Active", "Active", "Actv", "Active", "Left", "Left", "Resigned", "Left", "Unknown")} -> Left | O95: =_xlfn.XLOOKUP(L95, Lookup_Performance!$A$2:$A$6, Lookup_Performance!$C$2:$C$6, "No Score", -1) -> Achieving | P95: =_xlfn.XLOOKUP(L95, Lookup_Performance!$A$2:$A$6, Lookup_Performance!$D$2:$D$6, 0, -1) -> 0.05 | Q95: =K95*P95 -> 3370.7
A96: EMP050 | B96: William | C96: Gonzalez | D96: =IF(AND(ISBLANK(B96), ISBLANK(C96)), "- -", IF(ISBLANK(B96), "- " & TRIM(PROPER(C96)), IF(ISBLANK(C96), TRIM(PROPER(B96)) & " -", _xlfn.TEXTJOIN(" ", TRUE, TRIM(PROPER(B96)), TRIM(PROPER(C96)))))) -> William Gonzalez | E96: =_xlfn.XLOOKUP(F96, Lookup_Departments!$A$2:$A$7, Lookup_Departments!$B$2:$B$7, "Unknown") -> Sales | F96: =UPPER(TRIM(G96)) -> SAL05 | G96: SAL05 | H96: =DATEVALUE(TEXT(J96, "dd-mmm-yyyy")) -> 42008 | I96: =DATEDIF(H96, TODAY(), "Y") -> 11 | J96: 42008 | K96: 115288 | L96: 61 | M96: Actv | N96: {=_xlfn.SWITCH(TRIM(PROPER(M96)), "Active", "Active", "Actv", "Active", "Left", "Left", "Resigned", "Left", "Unknown")} -> Active | O96: =_xlfn.XLOOKUP(L96, Lookup_Performance!$A$2:$A$6, Lookup_Performance!$C$2:$C$6, "No Score", -1) -> Developing | P96: =_xlfn.XLOOKUP(L96, Lookup_Performance!$A$2:$A$6, Lookup_Performance!$D$2:$D$6, 0, -1) -> 0.02 | Q96: =K96*P96 -> 2305.76
A97: EMP036 | C97: Smith | D97: =IF(AND(ISBLANK(B97), ISBLANK(C97)), "- -", IF(ISBLANK(B97), "- " & TRIM(PROPER(C97)), IF(ISBLANK(C97), TRIM(PROPER(B97)) & " -", _xlfn.TEXTJOIN(" ", TRUE, TRIM(PROPER(B97)), TRIM(PROPER(C97)))))) -> - Smith | E97: =_xlfn.XLOOKUP(F97, Lookup_Departments!$A$2:$A$7, Lookup_Departments!$B$2:$B$7, "Unknown") -> Sales | F97: =UPPER(TRIM(G97)) -> SAL05 | G97: SAL05 | H97: =DATEVALUE(TEXT(J97, "dd-mmm-yyyy")) -> 43439 | I97: =DATEDIF(H97, TODAY(), "Y") -> 7 | J97: 43439 | K97: 80140 | L97: 58 | M97: Active | N97: {=_xlfn.SWITCH(TRIM(PROPER(M97)), "Active", "Active", "Actv", "Active", "Left", "Left", "Resigned", "Left", "Unknown")} -> Active | O97: =_xlfn.XLOOKUP(L97, Lookup_Performance!$A$2:$A$6, Lookup_Performance!$C$2:$C$6, "No Score", -1) -> Developing | P97: =_xlfn.XLOOKUP(L97, Lookup_Performance!$A$2:$A$6, Lookup_Performance!$D$2:$D$6, 0, -1) -> 0.02 | Q97: =K97*P97 -> 1602.8
A98: EMP081 | B98: John | C98: Johnson | D98: =IF(AND(ISBLANK(B98), ISBLANK(C98)), "- -", IF(ISBLANK(B98), "- " & TRIM(PROPER(C98)), IF(ISBLANK(C98), TRIM(PROPER(B98)) & " -", _xlfn.TEXTJOIN(" ", TRUE, TRIM(PROPER(B98)), TRIM(PROPER(C98)))))) -> John Johnson | E98: =_xlfn.XLOOKUP(F98, Lookup_Departments!$A$2:$A$7, Lookup_Departments!$B$2:$B$7, "Unknown") -> Information Technology | F98: =UPPER(TRIM(G98)) -> IT02 | G98: IT02 | H98: =DATEVALUE(TEXT(J98, "dd-mmm-yyyy")) -> 44482 | I98: =DATEDIF(H98, TODAY(), "Y") -> 4 | J98: 44482 | K98: 73087 | L98: 69 | M98: Actv | N98: {=_xlfn.SWITCH(TRIM(PROPER(M98)), "Active", "Active", "Actv", "Active", "Left", "Left", "Resigned", "Left", "Unknown")} -> Active | O98: =_xlfn.XLOOKUP(L98, Lookup_Performance!$A$2:$A$6, Lookup_Performance!$C$2:$C$6, "No Score", -1) -> Developing | P98: =_xlfn.XLOOKUP(L98, Lookup_Performance!$A$2:$A$6, Lookup_Performance!$D$2:$D$6, 0, -1) -> 0.02 | Q98: =K98*P98 -> 1461.74
A99: EMP078 | B99: Jane | C99: Johnson | D99: =IF(AND(ISBLANK(B99), ISBLANK(C99)), "- -", IF(ISBLANK(B99), "- " & TRIM(PROPER(C99)), IF(ISBLANK(C99), TRIM(PROPER(B99)) & " -", _xlfn.TEXTJOIN(" ", TRUE, TRIM(PROPER(B99)), TRIM(PROPER(C99)))))) -> Jane Johnson | E99: =_xlfn.XLOOKUP(F99, Lookup_Departments!$A$2:$A$7, Lookup_Departments!$B$2:$B$7, "Unknown") -> Sales | F99: =UPPER(TRIM(G99)) -> SAL05 | G99: SAL05 | H99: =DATEVALUE(TEXT(J99, "dd-mmm-yyyy")) -> 44081 | I99: =DATEDIF(H99, TODAY(), "Y") -> 5 | J99: 44081 | K99: 95292 | L99: 34 | M99: active | N99: {=_xlfn.SWITCH(TRIM(PROPER(M99)), "Active", "Active", "Actv", "Active", "Left", "Left", "Resigned", "Left", "Unknown")} -> Active | O99: =_xlfn.XLOOKUP(L99, Lookup_Performance!$A$2:$A$6, Lookup_Performance!$C$2:$C$6, "No Score", -1) -> Needs Improvement | P99: =_xlfn.XLOOKUP(L99, Lookup_Performance!$A$2:$A$6, Lookup_Performance!$D$2:$D$6, 0, -1) -> 0 | Q99: =K99*P99 -> 0
A100: EMP035 | B100: John | C100: Jones | D100: =IF(AND(ISBLANK(B100), ISBLANK(C100)), "- -", IF(ISBLANK(B100), "- " & TRIM(PROPER(C100)), IF(ISBLANK(C100), TRIM(PROPER(B100)) & " -", _xlfn.TEXTJOIN(" ", TRUE, TRIM(PROPER(B100)), TRIM(PROPER(C100)))))) -> John Jones | E100: =_xlfn.XLOOKUP(F100, Lookup_Departments!$A$2:$A$7, Lookup_Departments!$B$2:$B$7, "Unknown") -> Information Technology | F100: =UPPER(TRIM(G100)) -> IT02 | G100: IT02 | H100: =DATEVALUE(TEXT(J100, "dd-mmm-yyyy")) -> 43532 | I100: =DATEDIF(H100, TODAY(), "Y") -> 7 | J100: 03/08/2019 | K100: 83604 | L100: 33 | M100: active | N100: {=_xlfn.SWITCH(TRIM(PROPER(M100)), "Active", "Active", "Actv", "Active", "Left", "Left", "Resigned", "Left", "Unknown")} -> Active | O100: =_xlfn.XLOOKUP(L100, Lookup_Performance!$A$2:$A$6, Lookup_Performance!$C$2:$C$6, "No Score", -1) -> Needs Improvement | P100: =_xlfn.XLOOKUP(L100, Lookup_Performance!$A$2:$A$6, Lookup_Performance!$D$2:$D$6, 0, -1) -> 0 | Q100: =K100*P100 -> 0
...

Sheet Analysis
A2: Total Employee | D2: Total Salary | G2: Attrition Rate by Department
A3: Row Labels | B3: Count of Emp ID | D3: Row Labels | E3: Sum of Salary | G3: Count of Emp ID | H3: Column Labels
A4: Information Technology | B4: 36 | D4: Finance | E4: 1481951 | G4: Row Labels | H4: Active | I4: Left | J4: Grand Total
A5: Sales | B5: 31 | D5: Human Resources | E5: 1539653 | G5: Finance | H5: 0.82352941 | I5: 0.17647059 | J5: 1
A6: Operations | B6: 29 | D6: Marketing | E6: 1622751 | G6: Human Resources | H6: 0.83333333 | I6: 0.16666667 | J6: 1
A7: Marketing | B7: 19 | D7: Operations | E7: 2321448 | G7: Information Technology | H7: 0.77777778 | I7: 0.22222222 | J7: 1
A8: Human Resources | B8: 18 | D8: Sales | E8: 2676326 | G8: Marketing | H8: 0.84210526 | I8: 0.15789474 | J8: 1
A9: Finance | B9: 17 | D9: Information Technology | E9: 2898462 | G9: Operations | H9: 0.62068966 | I9: 0.37931034 | J9: 1
A10: Grand Total | B10: 150 | D10: Grand Total | E10: 12540591 | G10: Sales | H10: 0.80645161 | I10: 0.19354839 | J10: 1
B11: 150 | G11: Grand Total | H11: 0.77333333 | I11: 0.22666667 | J11: 1
A13: Performance By Status | D13: Bonus Payout | G13: Attrition by Performance Band
A14: Row Labels | B14: Average of Performance Score | D14: Row Labels | E14: Sum of Eligible Bonus Amount | G14: Count of Emp ID | H14: Column Labels
A15: Active | B15: 67.862069 | D15: Achieving | E15: 197912.8 | G15: Row Labels | H15: Active | I15: Left | J15: Grand Total
A16: Left | B16: 69.264706 | D16: Exceeding | E16: 144689.44 | G16: Achieving | H16: 0.69387755 | I16: 0.30612245 | J16: 1
A17: Grand Total | B17: 68.18 | D17: Outstanding | E17: 92411.52 | G17: Developing | H17: 0.80487805 | I17: 0.19512195 | J17: 1
D18: Developing | E18: 71514.94 | G18: Exceeding | H18: 0.72727273 | I18: 0.27272727 | J18: 1
A19: Average Salary by Performance Band | D19: Needs Improvement | E19: 0 | G19: Needs Improvement | H19: 0.82142857 | I19: 0.17857143 | J19: 1
A20: Row Labels | B20: Average of Salary | D20: Grand Total | E20: 506528.7 | G20: Outstanding | H20: 1 | I20: 0 | J20: 1
A21: Outstanding | B21: 77009.6 | G21: Grand Total | H21: 0.77333333 | I21: 0.22666667 | J21: 1
A22: Achieving | B22: 80780.735 | D22: Employee by Service Year
A23: Exceeding | B23: 82209.909 | D23: Row Labels | E23: Count of Emp ID | I23: 0.22666667
A24: Needs Improvement | B24: 86709.786 | D24: 11 | E24: 4
A25: Developing | B25: 87213.341 | D25: 2 | E25: 9 | G25: Employee by Service Year
A26: Grand Total | B26: 83603.94 | D26: 5 | E26: 12 | G26: Average of Year of Service
B27: 83603.94 | D27: 10 | E27: 14 | G27: 6.42
D28: 6 | E28: 16 | G28: 6.42
D29: 3 | E29: 16
D30: 7 | E30: 17
D31: 8 | E31: 20
D32: 4 | E32: 20
D33: 9 | E33: 22
D34: Grand Total | E34: 150

Sheet Charts

Sheet Executive Dashboard
